mode,sample,stage,seconds,allocated_bytes,sweep_seconds,gc_seconds
"both","1","environment transfers","0.180750757","117093072","3.234932275","0.069603647"
"both","1","one-site preparation","0.28631708","492222456","3.234932275","0.069603647"
"both","1","two-site preparation","0.357453267","359312912","3.234932275","0.069603647"
"both","1","effective assembly","0.000108828","14240","3.234932275","0.069603647"
"pairs","1","environment transfers","0.168408113","118263632","2.954632631","0.0"
"pairs","1","one-site preparation","0.156616668","334515152","2.954632631","0.0"
"pairs","1","two-site preparation","0.215503871","394052208","2.954632631","0.0"
"pairs","1","effective assembly","0.000119695","14240","2.954632631","0.0"
"pairs","2","environment transfers","0.169991057","118271504","2.901830906","0.0"
"pairs","2","one-site preparation","0.159605066","334501648","2.901830906","0.0"
"pairs","2","two-site preparation","0.216829168","394044576","2.901830906","0.0"
"pairs","2","effective assembly","0.000105985","14240","2.901830906","0.0"
"both","2","environment transfers","0.168257028","117089776","2.977633538","0.0"
"both","2","one-site preparation","0.229839159","492221112","2.977633538","0.0"
"both","2","two-site preparation","0.231114554","359300848","2.977633538","0.0"
"both","2","effective assembly","0.000117389","14240","2.977633538","0.0"
"both","3","environment transfers","0.174456795","117084656","3.070842432","0.0"
"both","3","one-site preparation","0.228054552","492216216","3.070842432","0.0"
"both","3","two-site preparation","0.226200651","359308048","3.070842432","0.0"
"both","3","effective assembly","0.000110232","14240","3.070842432","0.0"
"pairs","3","environment transfers","0.162639595","118270032","2.89116932","0.0"
"pairs","3","one-site preparation","0.151469363","334494264","2.89116932","0.0"
"pairs","3","two-site preparation","0.20635385","394029920","2.89116932","0.0"
"pairs","3","effective assembly","0.000111425","14240","2.89116932","0.0"
