model,sites,terms,max_mpo_bond,requested_mps_bond,actual_mps_bond,algorithm,path,phase,sample,seconds,allocated_bytes,gc_seconds
nearest_neighbor,24,47,3,64,64,DMRG,ordinary,setup,1,6.193e-5,40288,0.0
nearest_neighbor,24,47,3,64,64,DMRG,ordinary,first,1,0.442031487,211140528,0.0
nearest_neighbor,24,47,3,64,64,DMRG,ordinary,second,1,0.072133376,50656360,0.0
nearest_neighbor,24,47,3,64,64,DMRG,cached,setup,1,0.020355487,26903944,0.0
nearest_neighbor,24,47,3,64,64,DMRG,cached,first,1,0.395320058,175275256,0.0
nearest_neighbor,24,47,3,64,64,DMRG,cached,second,1,0.048536529,37614656,0.0
nearest_neighbor,24,47,3,64,64,DMRG,cached,setup,2,0.019682458,26903944,0.0
nearest_neighbor,24,47,3,64,64,DMRG,cached,first,2,0.375910911,175273848,0.0
nearest_neighbor,24,47,3,64,64,DMRG,cached,second,2,0.049072609,37614432,0.0
nearest_neighbor,24,47,3,64,64,DMRG,ordinary,setup,2,6.2522e-5,40288,0.0
nearest_neighbor,24,47,3,64,64,DMRG,ordinary,first,2,0.402034802,211138864,0.0
nearest_neighbor,24,47,3,64,64,DMRG,ordinary,second,2,0.070429577,50657416,0.0
nearest_neighbor,24,47,3,64,64,DMRG,ordinary,setup,3,6.2144e-5,40288,0.0
nearest_neighbor,24,47,3,64,64,DMRG,ordinary,first,3,0.407406914,211139664,0.0
nearest_neighbor,24,47,3,64,64,DMRG,ordinary,second,3,0.065593328,50656264,0.0
nearest_neighbor,24,47,3,64,64,DMRG,cached,setup,3,0.019191521,26903944,0.0
nearest_neighbor,24,47,3,64,64,DMRG,cached,first,3,0.369699807,175272984,0.0
nearest_neighbor,24,47,3,64,64,DMRG,cached,second,3,0.046504132,37614336,0.0
nearest_neighbor,24,47,3,64,64,DMRG2,ordinary,setup,1,7.0868e-5,40240,0.0
nearest_neighbor,24,47,3,64,64,DMRG2,ordinary,first,1,0.718829418,348395064,0.0
nearest_neighbor,24,47,3,64,64,DMRG2,ordinary,second,1,0.107904572,76793120,0.0
nearest_neighbor,24,47,3,64,64,DMRG2,cached,setup,1,0.022637221,30285448,0.0
nearest_neighbor,24,47,3,64,64,DMRG2,cached,first,1,0.690447498,326443096,0.0
nearest_neighbor,24,47,3,64,64,DMRG2,cached,second,1,0.1059976,77603024,0.0
nearest_neighbor,24,47,3,64,64,DMRG2,cached,setup,2,0.023256846,30285224,0.0
nearest_neighbor,24,47,3,64,64,DMRG2,cached,first,2,0.681131871,326443288,0.0
nearest_neighbor,24,47,3,64,64,DMRG2,cached,second,2,0.104819459,77598384,0.0
nearest_neighbor,24,47,3,64,64,DMRG2,ordinary,setup,2,6.4333e-5,40240,0.0
nearest_neighbor,24,47,3,64,64,DMRG2,ordinary,first,2,0.71162864,348385976,0.0
nearest_neighbor,24,47,3,64,64,DMRG2,ordinary,second,2,0.109405601,76801760,0.0
nearest_neighbor,24,47,3,64,64,DMRG2,ordinary,setup,3,6.6876e-5,40240,0.0
nearest_neighbor,24,47,3,64,64,DMRG2,ordinary,first,3,0.713704272,348396120,0.0
nearest_neighbor,24,47,3,64,64,DMRG2,ordinary,second,3,0.108761292,76792992,0.0
nearest_neighbor,24,47,3,64,64,DMRG2,cached,setup,3,0.02282155,30285256,0.0
nearest_neighbor,24,47,3,64,64,DMRG2,cached,first,3,0.676749779,326443288,0.0
nearest_neighbor,24,47,3,64,64,DMRG2,cached,second,3,0.104465775,77598576,0.0
large_sparse,24,197,126,64,64,DMRG,ordinary,setup,1,8.3722e-5,40288,0.0
large_sparse,24,197,126,64,64,DMRG,ordinary,first,1,9.449866632,3246540768,1.594328134
large_sparse,24,197,126,64,64,DMRG,ordinary,second,1,7.766219988,2121953960,1.506469933
large_sparse,24,197,126,64,64,DMRG,cached,setup,1,0.251462036,533841128,0.0
large_sparse,24,197,126,64,64,DMRG,cached,first,1,7.332416408,1591934288,0.066837899
large_sparse,24,197,126,64,64,DMRG,cached,second,1,7.190590825,1419915224,1.453796819
large_sparse,24,197,126,64,64,DMRG,cached,setup,2,0.211604377,533805192,0.0
large_sparse,24,197,126,64,64,DMRG,cached,first,2,8.708662632,1591803968,1.467920523
large_sparse,24,197,126,64,64,DMRG,cached,second,2,6.493963807,1419893752,0.042529998
large_sparse,24,197,126,64,64,DMRG,ordinary,setup,2,0.000101652,40288,0.0
large_sparse,24,197,126,64,64,DMRG,ordinary,first,2,12.004799875,3246660864,2.899558595
large_sparse,24,197,126,64,64,DMRG,ordinary,second,2,7.364292548,2122101048,0.168309526
large_sparse,24,197,126,64,64,DMRG,ordinary,setup,3,0.000116907,40288,0.0
large_sparse,24,197,126,64,64,DMRG,ordinary,first,3,10.31017262,3246567904,2.176966144
large_sparse,24,197,126,64,64,DMRG,ordinary,second,3,8.349123579,2121922320,2.130048441
large_sparse,24,197,126,64,64,DMRG,cached,setup,3,0.274187002,533845000,0.0
large_sparse,24,197,126,64,64,DMRG,cached,first,3,7.219334942,1591986208,0.097975878
large_sparse,24,197,126,64,64,DMRG,cached,second,3,7.85713368,1419900792,2.09677029
large_sparse,24,197,126,64,64,DMRG2,ordinary,setup,1,0.000111895,40240,0.0
large_sparse,24,197,126,64,64,DMRG2,ordinary,first,1,17.617879139,3280572904,2.01771851
large_sparse,24,197,126,64,64,DMRG2,ordinary,second,1,14.88862018,2202574928,1.974686486
large_sparse,24,197,126,64,64,DMRG2,cached,setup,1,0.533256092,1105303176,0.024537142
large_sparse,24,197,126,64,64,DMRG2,cached,first,1,17.145019438,2615571480,2.016760895
large_sparse,24,197,126,64,64,DMRG2,cached,second,1,19.669698618,2471653176,4.317216215
large_sparse,24,197,126,64,64,DMRG2,cached,setup,2,0.611175814,1105291464,0.051532295
large_sparse,24,197,126,64,64,DMRG2,cached,first,2,24.976832823,2615603432,2.955794881
large_sparse,24,197,126,64,64,DMRG2,cached,second,2,17.154509925,2471587768,4.156716526
large_sparse,24,197,126,64,64,DMRG2,ordinary,setup,2,0.000128332,40240,0.0
large_sparse,24,197,126,64,64,DMRG2,ordinary,first,2,17.606229797,3280703336,2.185552105
large_sparse,24,197,126,64,64,DMRG2,ordinary,second,2,12.709557452,2202740176,0.133362178
large_sparse,24,197,126,64,64,DMRG2,ordinary,setup,3,0.000126019,40240,0.0
large_sparse,24,197,126,64,64,DMRG2,ordinary,first,3,16.870295219,3280555720,2.008681742
large_sparse,24,197,126,64,64,DMRG2,ordinary,second,3,14.148894806,2202572640,2.015923837
large_sparse,24,197,126,64,64,DMRG2,cached,setup,3,0.533413221,1105316200,0.02504885
large_sparse,24,197,126,64,64,DMRG2,cached,first,3,16.031268372,2615580984,1.884429741
large_sparse,24,197,126,64,64,DMRG2,cached,second,3,15.578627731,2471649736,3.662570825
chemistry_like,14,2289,613,64,64,DMRG,ordinary,setup,1,6.8632e-5,32400,0.0
chemistry_like,14,2289,613,64,64,DMRG,ordinary,first,1,3.765084591,1486626488,0.083692202
chemistry_like,14,2289,613,64,64,DMRG,ordinary,second,1,3.242203594,809743056,0.266061358
chemistry_like,14,2289,613,64,64,DMRG,cached,setup,1,0.159408931,272293432,0.0
chemistry_like,14,2289,613,64,64,DMRG,cached,first,1,5.090536546,731227896,2.00162782
chemistry_like,14,2289,613,64,64,DMRG,cached,second,1,2.564250311,583094744,0.0
chemistry_like,14,2289,613,64,64,DMRG,cached,setup,2,0.154518564,272293912,0.0
chemistry_like,14,2289,613,64,64,DMRG,cached,first,2,3.115329449,731232664,0.0
chemistry_like,14,2289,613,64,64,DMRG,cached,second,2,2.649631673,583093280,0.053747984
chemistry_like,14,2289,613,64,64,DMRG,ordinary,setup,2,8.3788e-5,32400,0.0
chemistry_like,14,2289,613,64,64,DMRG,ordinary,first,2,3.525574379,1486641616,0.034821467
chemistry_like,14,2289,613,64,64,DMRG,ordinary,second,2,2.86216565,809744640,0.117551324
chemistry_like,14,2289,613,64,64,DMRG,ordinary,setup,3,7.4168e-5,32400,0.0
chemistry_like,14,2289,613,64,64,DMRG,ordinary,first,3,3.425081503,1486626520,0.086258582
chemistry_like,14,2289,613,64,64,DMRG,ordinary,second,3,3.100360635,809742352,0.281944304
chemistry_like,14,2289,613,64,64,DMRG,cached,setup,3,0.178164858,272291544,0.028012584
chemistry_like,14,2289,613,64,64,DMRG,cached,first,3,3.11140637,731228568,0.10705044
chemistry_like,14,2289,613,64,64,DMRG,cached,second,3,4.14393142,583077864,1.74912366
chemistry_like,14,2289,613,64,64,DMRG2,ordinary,setup,1,6.8916e-5,32352,0.0
chemistry_like,14,2289,613,64,64,DMRG2,ordinary,first,1,4.384402024,1442835904,0.087402852
chemistry_like,14,2289,613,64,64,DMRG2,ordinary,second,1,3.232875449,875622464,0.072897344
chemistry_like,14,2289,613,64,64,DMRG2,cached,setup,1,0.258319556,499685624,0.0
chemistry_like,14,2289,613,64,64,DMRG2,cached,first,1,4.076102385,1128182528,0.07426686
chemistry_like,14,2289,613,64,64,DMRG2,cached,second,1,4.771325488,1010569072,1.702436745
chemistry_like,14,2289,613,64,64,DMRG2,cached,setup,2,0.260074855,499683640,0.0
chemistry_like,14,2289,613,64,64,DMRG2,cached,first,2,4.090361908,1128175944,0.08093482
chemistry_like,14,2289,613,64,64,DMRG2,cached,second,2,4.736474736,1010566712,1.716631223
chemistry_like,14,2289,613,64,64,DMRG2,ordinary,setup,2,8.2547e-5,32352,0.0
chemistry_like,14,2289,613,64,64,DMRG2,ordinary,first,2,4.339879334,1442898720,0.056401532
chemistry_like,14,2289,613,64,64,DMRG2,ordinary,second,2,3.275622302,875622816,0.045591147
chemistry_like,14,2289,613,64,64,DMRG2,ordinary,setup,3,8.7492e-5,32352,0.0
chemistry_like,14,2289,613,64,64,DMRG2,ordinary,first,3,4.360982976,1442834624,0.085330525
chemistry_like,14,2289,613,64,64,DMRG2,ordinary,second,3,3.218239121,875621536,0.094723336
chemistry_like,14,2289,613,64,64,DMRG2,cached,setup,3,0.2585189,499687160,0.0
chemistry_like,14,2289,613,64,64,DMRG2,cached,first,3,4.083858668,1128185472,0.074538984
chemistry_like,14,2289,613,64,64,DMRG2,cached,second,3,4.81564519,1010569392,1.735568499
