branch,mps_bond,sample,seconds,gc_seconds,allocated_bytes,sweeps,actual_mps_bond,galerkin,compile_seconds,recompile_seconds
main,128,1,91.698083947,8.557039789,23194400816,2,128,0.007595123520927194,,
main,128,2,90.799383225,7.94947131,23194370496,2,128,0.007595123520927194,,
main,128,3,91.502901479,7.959579857,23194383584,2,128,0.007595123520927194,,
main,128,4,97.237302151,8.841677056,23194296800,2,128,0.007595123520927194,0.0,0.0
latest,128,1,94.264286348,8.049793424,26395393320,2,128,0.0075951235209271665,,
latest,128,2,94.639430975,12.57398412,26394849656,2,128,0.0075951235209271665,,
latest,128,3,97.285731935,13.126143046,26394836672,2,128,0.0075951235209271665,,
latest,128,4,91.463529659,8.54344998,26395286688,2,128,0.0075951235209271665,0.0,0.0
main,256,1,154.552227817,11.087638964,36538182800,1,256,0.0007937692130175493,,
main,256,2,145.137108738,9.752064651,36538188992,1,256,0.0007937692130175493,,
main,256,3,141.195675365,9.932743687,36538730840,1,256,0.0007937692130175493,,
main,256,4,139.720992234,9.94315356,36538061568,1,256,0.0007937692130175493,0.0,0.0
latest,256,1,152.670146156,15.287973277,40152093760,1,256,0.000793769213015743,,
latest,256,2,144.798338414,10.061608426,40152106320,1,256,0.000793769213015743,,
latest,256,3,142.650884155,10.099852008,40152202696,1,256,0.000793769213015743,,
latest,256,4,143.313160833,13.267853587,40151970832,1,256,0.000793769213015743,0.0,0.0
