mode,sample,stage,seconds,allocated_bytes
"ordinary","1","advance_env","7.74e-7","0"
"ordinary","1","AC2_hamiltonian","1.963410332","834382056"
"ordinary","1","AC2_eigsolve","2.248330831","32403120"
"ordinary","1","gauge","0.011193095","5657712"
"both","1","advance_env","0.688118021","968610512"
"both","1","AC2_hamiltonian","9.1974e-5","14240"
"both","1","AC2_eigsolve","2.243015991","32414240"
"both","1","gauge","0.011036494","5664288"
"pairs","1","advance_env","1.777248948","846773680"
"pairs","1","AC2_hamiltonian","9.9327e-5","14240"
"pairs","1","AC2_eigsolve","2.238103376","32415712"
"pairs","1","gauge","0.011165174","5664192"
"pairs","2","advance_env","1.761396411","846756256"
"pairs","2","AC2_hamiltonian","9.2472e-5","14240"
"pairs","2","AC2_eigsolve","2.236395233","32413104"
"pairs","2","gauge","0.010922172","5664128"
"both","2","advance_env","0.632606841","968574240"
"both","2","AC2_hamiltonian","0.000107696","14240"
"both","2","AC2_eigsolve","2.228745295","32413408"
"both","2","gauge","1.086994699","5663872"
"ordinary","2","advance_env","7.27e-7","0"
"ordinary","2","AC2_hamiltonian","0.942718388","834386984"
"ordinary","2","AC2_eigsolve","2.264667432","32401808"
"ordinary","2","gauge","0.011263601","5657680"
"both","3","advance_env","0.85774391","968619168"
"both","3","AC2_hamiltonian","0.000109467","14240"
"both","3","AC2_eigsolve","2.285223765","32416032"
"both","3","gauge","0.011616493","5664960"
"ordinary","3","advance_env","7.04e-7","0"
"ordinary","3","AC2_hamiltonian","1.781229792","834390696"
"ordinary","3","AC2_eigsolve","2.233628403","32402032"
"ordinary","3","gauge","0.011418664","5657648"
"pairs","3","advance_env","1.829557803","846749296"
"pairs","3","AC2_hamiltonian","0.000100812","14240"
"pairs","3","AC2_eigsolve","2.250861931","32411200"
"pairs","3","gauge","0.011039698","5663520"
