run,sites,mps_bond,path,sample,stage,seconds,allocated_bytes,sweep_seconds,gc_seconds,eigensolver_matvecs
before,14,64,ordinary,1,environment_transfers,0.167830453,79709608,3.219580462,0.037876987,163
before,14,64,ordinary,1,one_site_preparation,0.0,0,3.219580462,0.037876987,163
before,14,64,ordinary,1,two_site_preparation,0.0,0,3.219580462,0.037876987,163
before,14,64,ordinary,1,effective_assembly,0.604414787,746419232,3.219580462,0.037876987,163
before,14,64,ordinary,1,eigensolve,2.310127907,32512656,3.219580462,0.037876987,163
before,14,64,ordinary,1,gauge,0.012522891,5627440,3.219580462,0.037876987,163
before,14,64,cached,1,environment_transfers,0.340789353,392608528,3.207012466,0.022970575,163
before,14,64,cached,1,one_site_preparation,0.224863252,386555040,3.207012466,0.022970575,163
before,14,64,cached,1,two_site_preparation,0.237533202,359688016,3.207012466,0.022970575,163
before,14,64,cached,1,effective_assembly,0.000201303,14240,3.207012466,0.022970575,163
before,14,64,cached,1,eigensolve,2.271300494,32520480,3.207012466,0.022970575,163
before,14,64,cached,1,gauge,0.012039205,5634096,3.207012466,0.022970575,163
before,14,64,cached,2,environment_transfers,0.328928759,392610256,3.339956049,0.022031894,163
before,14,64,cached,2,one_site_preparation,0.236969502,386558360,3.339956049,0.022031894,163
before,14,64,cached,2,two_site_preparation,0.274688605,359689840,3.339956049,0.022031894,163
before,14,64,cached,2,effective_assembly,0.000132818,14240,3.339956049,0.022031894,163
before,14,64,cached,2,eigensolve,2.361812549,32519616,3.339956049,0.022031894,163
before,14,64,cached,2,gauge,0.012134767,5633936,3.339956049,0.022031894,163
before,14,64,ordinary,2,environment_transfers,0.163366849,79709608,3.28842784,0.036748257,163
before,14,64,ordinary,2,one_site_preparation,0.0,0,3.28842784,0.036748257,163
before,14,64,ordinary,2,two_site_preparation,0.0,0,3.28842784,0.036748257,163
before,14,64,ordinary,2,effective_assembly,0.597459954,746415552,3.28842784,0.036748257,163
before,14,64,ordinary,2,eigensolve,2.387931646,32512144,3.28842784,0.036748257,163
before,14,64,ordinary,2,gauge,0.012274275,5627728,3.28842784,0.036748257,163
before,14,64,ordinary,3,environment_transfers,0.171559922,79709128,3.344796536,0.0,163
before,14,64,ordinary,3,one_site_preparation,0.0,0,3.344796536,0.0,163
before,14,64,ordinary,3,two_site_preparation,0.0,0,3.344796536,0.0,163
before,14,64,ordinary,3,effective_assembly,0.573939737,746414592,3.344796536,0.0,163
before,14,64,ordinary,3,eigensolve,2.4584939,32511856,3.344796536,0.0,163
before,14,64,ordinary,3,gauge,0.012811077,5627376,3.344796536,0.0,163
before,14,64,cached,3,environment_transfers,0.29692032,392604312,3.232048441,0.03181191,163
before,14,64,cached,3,one_site_preparation,0.222556084,386551424,3.232048441,0.03181191,163
before,14,64,cached,3,two_site_preparation,0.261625375,359681880,3.232048441,0.03181191,163
before,14,64,cached,3,effective_assembly,0.000160025,14240,3.232048441,0.03181191,163
before,14,64,cached,3,eigensolve,2.319051992,32520416,3.232048441,0.03181191,163
before,14,64,cached,3,gauge,0.012091055,5634160,3.232048441,0.03181191,163
after,14,64,ordinary,1,environment_transfers,0.166975547,88459720,3.092381499,0.052529779,163
after,14,64,ordinary,1,one_site_preparation,0.0,0,3.092381499,0.052529779,163
after,14,64,ordinary,1,two_site_preparation,0.0,0,3.092381499,0.052529779,163
after,14,64,ordinary,1,effective_assembly,0.592477211,745177792,3.092381499,0.052529779,163
after,14,64,ordinary,1,eigensolve,2.201334812,32401712,3.092381499,0.052529779,163
after,14,64,ordinary,1,gauge,0.011386321,5657616,3.092381499,0.052529779,163
after,14,64,cached,1,environment_transfers,0.163270053,117073648,2.89885036,0.0,163
after,14,64,cached,1,one_site_preparation,0.21192661,492171784,2.89885036,0.0,163
after,14,64,cached,1,two_site_preparation,0.206741493,359274680,2.89885036,0.0,163
after,14,64,cached,1,effective_assembly,0.00010049,14240,2.89885036,0.0,163
after,14,64,cached,1,eigensolve,2.186431282,32410336,2.89885036,0.0,163
after,14,64,cached,1,gauge,0.011488774,5663952,2.89885036,0.0,163
after,14,64,cached,2,environment_transfers,0.158515373,117072144,2.877693186,0.033306707,163
after,14,64,cached,2,one_site_preparation,0.203077199,492157048,2.877693186,0.033306707,163
after,14,64,cached,2,two_site_preparation,0.241399092,359271032,2.877693186,0.033306707,163
after,14,64,cached,2,effective_assembly,0.000103333,14240,2.877693186,0.033306707,163
after,14,64,cached,2,eigensolve,2.147047537,32410240,2.877693186,0.033306707,163
after,14,64,cached,2,gauge,0.013366382,5664112,2.877693186,0.033306707,163
after,14,64,ordinary,2,environment_transfers,0.162729293,88457096,3.105423773,0.043301955,163
after,14,64,ordinary,2,one_site_preparation,0.0,0,3.105423773,0.043301955,163
after,14,64,ordinary,2,two_site_preparation,0.0,0,3.105423773,0.043301955,163
after,14,64,ordinary,2,effective_assembly,0.57987456,745169632,3.105423773,0.043301955,163
after,14,64,ordinary,2,eigensolve,2.230973339,32400048,3.105423773,0.043301955,163
after,14,64,ordinary,2,gauge,0.011355183,5657360,3.105423773,0.043301955,163
after,14,64,ordinary,3,environment_transfers,0.159980251,88456904,3.03637047,0.042925755,163
after,14,64,ordinary,3,one_site_preparation,0.0,0,3.03637047,0.042925755,163
after,14,64,ordinary,3,two_site_preparation,0.0,0,3.03637047,0.042925755,163
after,14,64,ordinary,3,effective_assembly,0.540136152,745164608,3.03637047,0.042925755,163
after,14,64,ordinary,3,eigensolve,2.206148197,32399792,3.03637047,0.042925755,163
after,14,64,ordinary,3,gauge,0.01114968,5657328,3.03637047,0.042925755,163
after,14,64,cached,3,environment_transfers,0.171132251,117077776,2.919998722,0.0,163
after,14,64,cached,3,one_site_preparation,0.226479559,492162424,2.919998722,0.0,163
after,14,64,cached,3,two_site_preparation,0.229806826,359269560,2.919998722,0.0,163
after,14,64,cached,3,effective_assembly,0.000101517,14240,2.919998722,0.0,163
after,14,64,cached,3,eigensolve,2.164322671,32409024,2.919998722,0.0,163
after,14,64,cached,3,gauge,0.012242454,5663888,2.919998722,0.0,163
