model,sites,requested_mps_bond,actual_mps_bond,algorithm,path,sample,stage,seconds,allocated_bytes,calls
nearest_neighbor,24,64,64,DMRG,ordinary,1,advance_env,1.476e-6,0,46
nearest_neighbor,24,64,64,DMRG,ordinary,1,AC_eigsolve,0.027426006,20301816,46
nearest_neighbor,24,64,64,DMRG,ordinary,1,gauge,0.009294956,7454608,46
nearest_neighbor,24,64,64,DMRG,ordinary,1,other,0.035408671,22899360,1
nearest_neighbor,24,64,64,DMRG,cached,1,advance_env,0.020040237,13891416,46
nearest_neighbor,24,64,64,DMRG,cached,1,AC_eigsolve,0.008636992,8507256,46
nearest_neighbor,24,64,64,DMRG,cached,1,gauge,0.008122459,7467216,46
nearest_neighbor,24,64,64,DMRG,cached,1,other,0.011725649000000005,7748144,1
nearest_neighbor,24,64,64,DMRG,cached,2,advance_env,0.020210826,13891416,46
nearest_neighbor,24,64,64,DMRG,cached,2,AC_eigsolve,0.008843185,8507224,46
nearest_neighbor,24,64,64,DMRG,cached,2,gauge,0.008200444,7467024,46
nearest_neighbor,24,64,64,DMRG,cached,2,other,0.011812442999999999,7748144,1
nearest_neighbor,24,64,64,DMRG,ordinary,2,advance_env,1.432e-6,0,46
nearest_neighbor,24,64,64,DMRG,ordinary,2,AC_eigsolve,0.026680996,20302392,46
nearest_neighbor,24,64,64,DMRG,ordinary,2,gauge,0.009291919,7454608,46
nearest_neighbor,24,64,64,DMRG,ordinary,2,other,0.034453278999999996,22899840,1
nearest_neighbor,24,64,64,DMRG,ordinary,3,advance_env,1.411e-6,0,46
nearest_neighbor,24,64,64,DMRG,ordinary,3,AC_eigsolve,0.024858145,20301784,46
nearest_neighbor,24,64,64,DMRG,ordinary,3,gauge,0.008186564,7454640,46
nearest_neighbor,24,64,64,DMRG,ordinary,3,other,0.032544435999999996,22899264,1
nearest_neighbor,24,64,64,DMRG,cached,3,advance_env,0.019020498,13891288,46
nearest_neighbor,24,64,64,DMRG,cached,3,AC_eigsolve,0.008483357,8507192,46
nearest_neighbor,24,64,64,DMRG,cached,3,gauge,0.007747781,7467056,46
nearest_neighbor,24,64,64,DMRG,cached,3,other,0.011247150999999997,7748176,1
nearest_neighbor,24,64,64,DMRG2,ordinary,1,advance_env,1.412e-6,0,45
nearest_neighbor,24,64,64,DMRG2,ordinary,1,AC2_hamiltonian,0.033862828,19327136,45
nearest_neighbor,24,64,64,DMRG2,ordinary,1,AC2_eigsolve,0.012774889,14598648,45
nearest_neighbor,24,64,64,DMRG2,ordinary,1,gauge,0.042080389,27394256,45
nearest_neighbor,24,64,64,DMRG2,ordinary,1,other,0.019181605000000004,15472504,1
nearest_neighbor,24,64,64,DMRG2,cached,1,advance_env,0.027741859,20056336,45
nearest_neighbor,24,64,64,DMRG2,cached,1,AC2_hamiltonian,9.8136e-5,12960,45
nearest_neighbor,24,64,64,DMRG2,cached,1,AC2_eigsolve,0.014749343,14615240,45
nearest_neighbor,24,64,64,DMRG2,cached,1,gauge,0.043126199,27406240,45
nearest_neighbor,24,64,64,DMRG2,cached,1,other,0.020277105000000004,15511624,1
nearest_neighbor,24,64,64,DMRG2,cached,2,advance_env,0.027397447,20055120,45
nearest_neighbor,24,64,64,DMRG2,cached,2,AC2_hamiltonian,8.9973e-5,12960,45
nearest_neighbor,24,64,64,DMRG2,cached,2,AC2_eigsolve,0.014357594,14613800,45
nearest_neighbor,24,64,64,DMRG2,cached,2,gauge,0.042992215,27405056,45
nearest_neighbor,24,64,64,DMRG2,cached,2,other,0.019975829,15510824,1
nearest_neighbor,24,64,64,DMRG2,ordinary,2,advance_env,1.384e-6,0,45
nearest_neighbor,24,64,64,DMRG2,ordinary,2,AC2_hamiltonian,0.033840162,19328608,45
nearest_neighbor,24,64,64,DMRG2,ordinary,2,AC2_eigsolve,0.013116186,14601560,45
nearest_neighbor,24,64,64,DMRG2,ordinary,2,gauge,0.043034678,27396912,45
nearest_neighbor,24,64,64,DMRG2,ordinary,2,other,0.01941016200000001,15474104,1
nearest_neighbor,24,64,64,DMRG2,ordinary,3,advance_env,1.344e-6,0,45
nearest_neighbor,24,64,64,DMRG2,ordinary,3,AC2_hamiltonian,0.032617893,19327008,45
nearest_neighbor,24,64,64,DMRG2,ordinary,3,AC2_eigsolve,0.013528986,14598616,45
nearest_neighbor,24,64,64,DMRG2,ordinary,3,gauge,0.042810381,27394064,45
nearest_neighbor,24,64,64,DMRG2,ordinary,3,other,0.019800231,15472728,1
nearest_neighbor,24,64,64,DMRG2,cached,3,advance_env,0.027386754,20055344,45
nearest_neighbor,24,64,64,DMRG2,cached,3,AC2_hamiltonian,0.000101472,12960,45
nearest_neighbor,24,64,64,DMRG2,cached,3,AC2_eigsolve,0.013987078,14613800,45
nearest_neighbor,24,64,64,DMRG2,cached,3,gauge,0.042953266,27404960,45
nearest_neighbor,24,64,64,DMRG2,cached,3,other,0.02003170400000001,15510888,1
large_sparse,24,64,64,DMRG,ordinary,1,advance_env,1.395e-6,0,46
large_sparse,24,64,64,DMRG,ordinary,1,AC_eigsolve,6.965211188,1074149552,46
large_sparse,24,64,64,DMRG,ordinary,1,gauge,0.011538539,7455408,46
large_sparse,24,64,64,DMRG,ordinary,1,other,0.7894666420000007,1040348424,1
large_sparse,24,64,64,DMRG,cached,1,advance_env,1.80285099,1298148480,46
large_sparse,24,64,64,DMRG,cached,1,AC_eigsolve,5.188777278,106402056,46
large_sparse,24,64,64,DMRG,cached,1,gauge,0.010226255,7468816,46
large_sparse,24,64,64,DMRG,cached,1,other,0.18871076700000078,7895248,1
large_sparse,24,64,64,DMRG,cached,2,advance_env,0.697958976,1298132416,46
large_sparse,24,64,64,DMRG,cached,2,AC_eigsolve,5.579422475,106398696,46
large_sparse,24,64,64,DMRG,cached,2,gauge,0.011927121,7467696,46
large_sparse,24,64,64,DMRG,cached,2,other,0.20464922999999935,7894320,1
large_sparse,24,64,64,DMRG,ordinary,2,advance_env,1.407e-6,0,46
large_sparse,24,64,64,DMRG,ordinary,2,AC_eigsolve,6.373361979,1074226008,46
large_sparse,24,64,64,DMRG,ordinary,2,gauge,0.015337923,7455792,46
large_sparse,24,64,64,DMRG,ordinary,2,other,0.9755627000000002,1040418672,1
large_sparse,24,64,64,DMRG,ordinary,3,advance_env,1.406e-6,0,46
large_sparse,24,64,64,DMRG,ordinary,3,AC_eigsolve,5.714661205,1074140352,46
large_sparse,24,64,64,DMRG,ordinary,3,gauge,0.012777586,7454640,46
large_sparse,24,64,64,DMRG,ordinary,3,other,2.6216803340000006,1040326752,1
large_sparse,24,64,64,DMRG,cached,3,advance_env,2.731554441,1298139296,46
large_sparse,24,64,64,DMRG,cached,3,AC_eigsolve,4.919610329,106398120,46
large_sparse,24,64,64,DMRG,cached,3,gauge,0.011550107,7468528,46
large_sparse,24,64,64,DMRG,cached,3,other,0.19441015700000008,7894224,1
large_sparse,24,64,64,DMRG2,ordinary,1,advance_env,1.352e-6,0,45
large_sparse,24,64,64,DMRG2,ordinary,1,AC2_hamiltonian,3.11551471,1683089912,45
large_sparse,24,64,64,DMRG2,ordinary,1,AC2_eigsolve,11.317133409,215760760,45
large_sparse,24,64,64,DMRG2,ordinary,1,gauge,0.060308482,27394672,45
large_sparse,24,64,64,DMRG2,ordinary,1,other,0.3956571040000014,276329008,1
large_sparse,24,64,64,DMRG2,cached,1,advance_env,5.226643367,2212864984,45
large_sparse,24,64,64,DMRG2,cached,1,AC2_hamiltonian,0.000252798,26400,45
large_sparse,24,64,64,DMRG2,cached,1,AC2_eigsolve,13.712266425,215785688,45
large_sparse,24,64,64,DMRG2,cached,1,gauge,0.33743817,27407840,45
large_sparse,24,64,64,DMRG2,cached,1,other,0.3930921170000019,15567640,1
large_sparse,24,64,64,DMRG2,cached,2,advance_env,3.585789643,2212805272,45
large_sparse,24,64,64,DMRG2,cached,2,AC2_hamiltonian,0.000295694,26400,45
large_sparse,24,64,64,DMRG2,cached,2,AC2_eigsolve,13.131198996,215781272,45
large_sparse,24,64,64,DMRG2,cached,2,gauge,0.060706365,27406848,45
large_sparse,24,64,64,DMRG2,cached,2,other,0.3764995549999952,15567352,1
large_sparse,24,64,64,DMRG2,ordinary,2,advance_env,1.292e-6,0,45
large_sparse,24,64,64,DMRG2,ordinary,2,AC2_hamiltonian,1.280453709,1683231992,45
large_sparse,24,64,64,DMRG2,ordinary,2,AC2_eigsolve,10.978722847,215779096,45
large_sparse,24,64,64,DMRG2,ordinary,2,gauge,0.059933427,27397072,45
large_sparse,24,64,64,DMRG2,ordinary,2,other,0.39044203999999993,276331440,1
large_sparse,24,64,64,DMRG2,ordinary,3,advance_env,1.224e-6,0,45
large_sparse,24,64,64,DMRG2,ordinary,3,AC2_hamiltonian,2.850257505,1683090648,45
large_sparse,24,64,64,DMRG2,ordinary,3,AC2_eigsolve,10.851794003,215757448,45
large_sparse,24,64,64,DMRG2,ordinary,3,gauge,0.062388109,27394576,45
large_sparse,24,64,64,DMRG2,ordinary,3,other,0.38445073799999996,276329392,1
large_sparse,24,64,64,DMRG2,cached,3,advance_env,3.13088908,2212868696,45
large_sparse,24,64,64,DMRG2,cached,3,AC2_hamiltonian,0.000241607,26400,45
large_sparse,24,64,64,DMRG2,cached,3,AC2_eigsolve,12.066296658,215779208,45
large_sparse,24,64,64,DMRG2,cached,3,gauge,0.056218846,27407360,45
large_sparse,24,64,64,DMRG2,cached,3,other,0.32496572999999884,15567448,1
chemistry_like,14,64,64,DMRG,ordinary,1,advance_env,7.31e-7,0,26
chemistry_like,14,64,64,DMRG,ordinary,1,AC_eigsolve,2.786044109,551650648,26
chemistry_like,14,64,64,DMRG,ordinary,1,gauge,0.004144772,2009840,26
chemistry_like,14,64,64,DMRG,ordinary,1,other,0.4520113379999997,256081992,1
chemistry_like,14,64,64,DMRG,cached,1,advance_env,0.371707941,554861776,26
chemistry_like,14,64,64,DMRG,cached,1,AC_eigsolve,2.100929143,23939592,26
chemistry_like,14,64,64,DMRG,cached,1,gauge,0.003401605,2016880,26
chemistry_like,14,64,64,DMRG,cached,1,other,0.08819499399999975,2275872,1
chemistry_like,14,64,64,DMRG,cached,2,advance_env,0.427642447,554861048,26
chemistry_like,14,64,64,DMRG,cached,2,AC_eigsolve,2.126931167,23938536,26
chemistry_like,14,64,64,DMRG,cached,2,gauge,0.003436876,2016880,26
chemistry_like,14,64,64,DMRG,cached,2,other,0.09159708400000044,2276192,1
chemistry_like,14,64,64,DMRG,ordinary,2,advance_env,6.99e-7,0,26
chemistry_like,14,64,64,DMRG,ordinary,2,AC_eigsolve,2.366819067,551651960,26
chemistry_like,14,64,64,DMRG,ordinary,2,gauge,0.003824712,2009904,26
chemistry_like,14,64,64,DMRG,ordinary,2,other,0.4915189499999997,256082200,1
chemistry_like,14,64,64,DMRG,ordinary,3,advance_env,6.9e-7,0,26
chemistry_like,14,64,64,DMRG,ordinary,3,AC_eigsolve,2.40910249,551649336,26
chemistry_like,14,64,64,DMRG,ordinary,3,gauge,0.003698208,2009808,26
chemistry_like,14,64,64,DMRG,ordinary,3,other,0.6875565600000004,256082632,1
chemistry_like,14,64,64,DMRG,cached,3,advance_env,2.102028594,554846560,26
chemistry_like,14,64,64,DMRG,cached,3,AC_eigsolve,1.955971226,23937832,26
chemistry_like,14,64,64,DMRG,cached,3,gauge,0.003328392,2016688,26
chemistry_like,14,64,64,DMRG,cached,3,other,0.0825961089999998,2276160,1
chemistry_like,14,64,64,DMRG2,ordinary,1,advance_env,7.56e-7,0,25
chemistry_like,14,64,64,DMRG2,ordinary,1,AC2_hamiltonian,0.806679262,833636552,25
chemistry_like,14,64,64,DMRG2,ordinary,1,AC2_eigsolve,2.289667165,32400368,25
chemistry_like,14,64,64,DMRG2,ordinary,1,gauge,0.012006988,5657552,25
chemistry_like,14,64,64,DMRG2,ordinary,1,other,0.12450568200000012,3927416,1
chemistry_like,14,64,64,DMRG2,cached,1,advance_env,2.324777817,968532216,25
chemistry_like,14,64,64,DMRG2,cached,1,AC2_hamiltonian,0.000114059,14240,25
chemistry_like,14,64,64,DMRG2,cached,1,AC2_eigsolve,2.31582711,32409888,25
chemistry_like,14,64,64,DMRG2,cached,1,gauge,0.011421152,5663552,25
chemistry_like,14,64,64,DMRG2,cached,1,other,0.11917803700000107,3948552,1
chemistry_like,14,64,64,DMRG2,cached,2,advance_env,2.334105893,968529920,25
chemistry_like,14,64,64,DMRG2,cached,2,AC2_hamiltonian,0.000114667,14240,25
chemistry_like,14,64,64,DMRG2,cached,2,AC2_eigsolve,2.272144193,32409984,25
chemistry_like,14,64,64,DMRG2,cached,2,gauge,0.011495475,5663360,25
chemistry_like,14,64,64,DMRG2,cached,2,other,0.1186087950000001,3948584,1
chemistry_like,14,64,64,DMRG2,ordinary,2,advance_env,1.296e-6,0,25
chemistry_like,14,64,64,DMRG2,ordinary,2,AC2_hamiltonian,0.777069534,833637352,25
chemistry_like,14,64,64,DMRG2,ordinary,2,AC2_eigsolve,2.363044162,32400336,25
chemistry_like,14,64,64,DMRG2,ordinary,2,gauge,0.011721898,5657360,25
chemistry_like,14,64,64,DMRG2,ordinary,2,other,0.12378272800000012,3927192,1
chemistry_like,14,64,64,DMRG2,ordinary,3,advance_env,7.09e-7,0,25
chemistry_like,14,64,64,DMRG2,ordinary,3,AC2_hamiltonian,0.83621458,833634952,25
chemistry_like,14,64,64,DMRG2,ordinary,3,AC2_eigsolve,2.245792658,32401008,25
chemistry_like,14,64,64,DMRG2,ordinary,3,gauge,0.011915359,5657680,25
chemistry_like,14,64,64,DMRG2,ordinary,3,other,0.12431299600000001,3927320,1
chemistry_like,14,64,64,DMRG2,cached,3,advance_env,2.393938513,968532952,25
chemistry_like,14,64,64,DMRG2,cached,3,AC2_hamiltonian,0.000125129,14240,25
chemistry_like,14,64,64,DMRG2,cached,3,AC2_eigsolve,2.28961393,32409504,25
chemistry_like,14,64,64,DMRG2,cached,3,gauge,0.01183989,5663456,25
chemistry_like,14,64,64,DMRG2,cached,3,other,0.12012173199999943,3948616,1
