run,model,sites,requested_mps_bond,actual_mps_bond,algorithm,path,sample,stage,seconds,allocated_bytes,calls
before,nearest_neighbor,24,64,64,DMRG,ordinary,1,advance_env,1.269e-6,0,46
before,nearest_neighbor,24,64,64,DMRG,ordinary,1,AC_eigsolve,0.025272433,20232824,46
before,nearest_neighbor,24,64,64,DMRG,ordinary,1,gauge,0.008193426,7439760,46
before,nearest_neighbor,24,64,64,DMRG,ordinary,1,other,0.032475039,22500512,1
before,nearest_neighbor,24,64,64,DMRG,cached,1,advance_env,0.01877692,13561016,46
before,nearest_neighbor,24,64,64,DMRG,cached,1,AC_eigsolve,0.008837874,8474968,46
before,nearest_neighbor,24,64,64,DMRG,cached,1,gauge,0.007745844,7451952,46
before,nearest_neighbor,24,64,64,DMRG,cached,1,other,0.011964069,7670288,1
before,nearest_neighbor,24,64,64,DMRG,cached,2,advance_env,0.018975282,13560888,46
before,nearest_neighbor,24,64,64,DMRG,cached,2,AC_eigsolve,0.008949018,8474840,46
before,nearest_neighbor,24,64,64,DMRG,cached,2,gauge,0.008063206,7452112,46
before,nearest_neighbor,24,64,64,DMRG,cached,2,other,0.012022279999999996,7670288,1
before,nearest_neighbor,24,64,64,DMRG,ordinary,2,advance_env,1.27e-6,0,46
before,nearest_neighbor,24,64,64,DMRG,ordinary,2,AC_eigsolve,0.025095647,20232984,46
before,nearest_neighbor,24,64,64,DMRG,ordinary,2,gauge,0.008136976,7439888,46
before,nearest_neighbor,24,64,64,DMRG,ordinary,2,other,0.032024237,22500640,1
before,nearest_neighbor,24,64,64,DMRG,ordinary,3,advance_env,1.263e-6,0,46
before,nearest_neighbor,24,64,64,DMRG,ordinary,3,AC_eigsolve,0.02447207,20232696,46
before,nearest_neighbor,24,64,64,DMRG,ordinary,3,gauge,0.008028847,7439600,46
before,nearest_neighbor,24,64,64,DMRG,ordinary,3,other,0.031997308999999995,22500576,1
before,nearest_neighbor,24,64,64,DMRG,cached,3,advance_env,0.018899881,13560792,46
before,nearest_neighbor,24,64,64,DMRG,cached,3,AC_eigsolve,0.008718527,8474648,46
before,nearest_neighbor,24,64,64,DMRG,cached,3,gauge,0.007836986,7452208,46
before,nearest_neighbor,24,64,64,DMRG,cached,3,other,0.011964011999999996,7670128,1
before,nearest_neighbor,24,64,64,DMRG2,ordinary,1,advance_env,1.966e-6,0,45
before,nearest_neighbor,24,64,64,DMRG2,ordinary,1,AC2_hamiltonian,0.032272154,18996224,45
before,nearest_neighbor,24,64,64,DMRG2,ordinary,1,AC2_eigsolve,0.012356307,14483160,45
before,nearest_neighbor,24,64,64,DMRG2,ordinary,1,gauge,0.041713625,27340688,45
before,nearest_neighbor,24,64,64,DMRG2,ordinary,1,other,0.01884262199999999,15276856,1
before,nearest_neighbor,24,64,64,DMRG2,cached,1,advance_env,0.027134946,19726640,45
before,nearest_neighbor,24,64,64,DMRG2,cached,1,AC2_hamiltonian,0.000245177,12960,45
before,nearest_neighbor,24,64,64,DMRG2,cached,1,AC2_eigsolve,0.012654656,14498344,45
before,nearest_neighbor,24,64,64,DMRG2,cached,1,gauge,0.042055441,27351552,45
before,nearest_neighbor,24,64,64,DMRG2,cached,1,other,0.01935685000000001,15314984,1
before,nearest_neighbor,24,64,64,DMRG2,cached,2,advance_env,0.026617965,19726672,45
before,nearest_neighbor,24,64,64,DMRG2,cached,2,AC2_hamiltonian,0.000239557,12960,45
before,nearest_neighbor,24,64,64,DMRG2,cached,2,AC2_eigsolve,0.012617666,14498344,45
before,nearest_neighbor,24,64,64,DMRG2,cached,2,gauge,0.041929284,27351584,45
before,nearest_neighbor,24,64,64,DMRG2,cached,2,other,0.020217035999999994,15314888,1
before,nearest_neighbor,24,64,64,DMRG2,ordinary,2,advance_env,1.45e-6,0,45
before,nearest_neighbor,24,64,64,DMRG2,ordinary,2,AC2_hamiltonian,0.03230398,18996160,45
before,nearest_neighbor,24,64,64,DMRG2,ordinary,2,AC2_eigsolve,0.012451744,14483192,45
before,nearest_neighbor,24,64,64,DMRG2,ordinary,2,gauge,0.041868231,27340784,45
before,nearest_neighbor,24,64,64,DMRG2,ordinary,2,other,0.018703573,15276888,1
before,nearest_neighbor,24,64,64,DMRG2,ordinary,3,advance_env,1.503e-6,0,45
before,nearest_neighbor,24,64,64,DMRG2,ordinary,3,AC2_hamiltonian,0.031849625,18996256,45
before,nearest_neighbor,24,64,64,DMRG2,ordinary,3,AC2_eigsolve,0.011960483,14483192,45
before,nearest_neighbor,24,64,64,DMRG2,ordinary,3,gauge,0.041396057,27340816,45
before,nearest_neighbor,24,64,64,DMRG2,ordinary,3,other,0.018333299999999997,15276696,1
before,nearest_neighbor,24,64,64,DMRG2,cached,3,advance_env,0.027472358,19726576,45
before,nearest_neighbor,24,64,64,DMRG2,cached,3,AC2_hamiltonian,0.000270356,12960,45
before,nearest_neighbor,24,64,64,DMRG2,cached,3,AC2_eigsolve,0.01295886,14498312,45
before,nearest_neighbor,24,64,64,DMRG2,cached,3,gauge,0.044112732,27351744,45
before,nearest_neighbor,24,64,64,DMRG2,cached,3,other,0.01963923899999999,15314920,1
before,large_sparse,24,64,64,DMRG,ordinary,1,advance_env,1.539e-6,0,46
before,large_sparse,24,64,64,DMRG,ordinary,1,AC_eigsolve,6.39642018,1072346688,46
before,large_sparse,24,64,64,DMRG,ordinary,1,gauge,0.011530227,7442448,46
before,large_sparse,24,64,64,DMRG,ordinary,1,other,1.6186700929999995,1031999424,1
before,large_sparse,24,64,64,DMRG,cached,1,advance_env,2.180375136,1831896760,46
before,large_sparse,24,64,64,DMRG,cached,1,AC_eigsolve,5.624692902,105633992,46
before,large_sparse,24,64,64,DMRG,cached,1,gauge,0.011033362,7455472,46
before,large_sparse,24,64,64,DMRG,cached,1,other,0.19869387300000074,7801040,1
before,large_sparse,24,64,64,DMRG,cached,2,advance_env,2.736058196,1831879992,46
before,large_sparse,24,64,64,DMRG,cached,2,AC_eigsolve,5.643721875,105632456,46
before,large_sparse,24,64,64,DMRG,cached,2,gauge,0.010934391,7455088,46
before,large_sparse,24,64,64,DMRG,cached,2,other,0.19799507400000138,7801328,1
before,large_sparse,24,64,64,DMRG,ordinary,2,advance_env,1.559e-6,0,46
before,large_sparse,24,64,64,DMRG,ordinary,2,AC_eigsolve,6.477095822,1072393832,46
before,large_sparse,24,64,64,DMRG,ordinary,2,gauge,0.011439804,7443184,46
before,large_sparse,24,64,64,DMRG,ordinary,2,other,0.8470766449999996,1032038040,1
before,large_sparse,24,64,64,DMRG,ordinary,3,advance_env,1.298e-6,0,46
before,large_sparse,24,64,64,DMRG,ordinary,3,AC_eigsolve,6.561965489,1072346712,46
before,large_sparse,24,64,64,DMRG,ordinary,3,gauge,0.011062421,7442480,46
before,large_sparse,24,64,64,DMRG,ordinary,3,other,1.5641637089999998,1031983968,1
before,large_sparse,24,64,64,DMRG,cached,3,advance_env,2.198319965,1831876664,46
before,large_sparse,24,64,64,DMRG,cached,3,AC_eigsolve,5.557874611,105639720,46
before,large_sparse,24,64,64,DMRG,cached,3,gauge,0.010915059,7455408,46
before,large_sparse,24,64,64,DMRG,cached,3,other,0.19974844899999944,7801360,1
before,large_sparse,24,64,64,DMRG2,ordinary,1,advance_env,1.791e-6,0,45
before,large_sparse,24,64,64,DMRG2,ordinary,1,AC2_hamiltonian,2.33603469,1678267544,45
before,large_sparse,24,64,64,DMRG2,ordinary,1,AC2_eigsolve,12.735090632,216365672,45
before,large_sparse,24,64,64,DMRG2,ordinary,1,gauge,0.059906744,27342512,45
before,large_sparse,24,64,64,DMRG2,ordinary,1,other,0.4084529810000017,276272432,1
before,large_sparse,24,64,64,DMRG2,cached,1,advance_env,3.221213207,2537149888,45
before,large_sparse,24,64,64,DMRG2,cached,1,AC2_hamiltonian,0.000270525,26400,45
before,large_sparse,24,64,64,DMRG2,cached,1,AC2_eigsolve,10.911523309,216409304,45
before,large_sparse,24,64,64,DMRG2,cached,1,gauge,0.057729336,27354560,45
before,large_sparse,24,64,64,DMRG2,cached,1,other,0.34085019200000133,15510168,1
before,large_sparse,24,64,64,DMRG2,cached,2,advance_env,2.362148724,2537095008,45
before,large_sparse,24,64,64,DMRG2,cached,2,AC2_hamiltonian,0.000324525,26400,45
before,large_sparse,24,64,64,DMRG2,cached,2,AC2_eigsolve,10.934461343,216401304,45
before,large_sparse,24,64,64,DMRG2,cached,2,gauge,0.05654742,27353792,45
before,large_sparse,24,64,64,DMRG2,cached,2,other,0.3362182380000007,15509688,1
before,large_sparse,24,64,64,DMRG2,ordinary,2,advance_env,1.405e-6,0,45
before,large_sparse,24,64,64,DMRG2,ordinary,2,AC2_hamiltonian,1.894913999,1678363480,45
before,large_sparse,24,64,64,DMRG2,ordinary,2,AC2_eigsolve,11.435283999,216385640,45
before,large_sparse,24,64,64,DMRG2,ordinary,2,gauge,0.057652681,27343792,45
before,large_sparse,24,64,64,DMRG2,ordinary,2,other,0.5447208820000018,276272336,1
before,large_sparse,24,64,64,DMRG2,ordinary,3,advance_env,1.355e-6,0,45
before,large_sparse,24,64,64,DMRG2,ordinary,3,AC2_hamiltonian,2.254805215,1678263896,45
before,large_sparse,24,64,64,DMRG2,ordinary,3,AC2_eigsolve,11.445136287,216365992,45
before,large_sparse,24,64,64,DMRG2,ordinary,3,gauge,0.059225806,27341456,45
before,large_sparse,24,64,64,DMRG2,ordinary,3,other,0.3782608129999989,276272240,1
before,large_sparse,24,64,64,DMRG2,cached,3,advance_env,2.850794167,2537123744,45
before,large_sparse,24,64,64,DMRG2,cached,3,AC2_hamiltonian,0.000251673,26400,45
before,large_sparse,24,64,64,DMRG2,cached,3,AC2_eigsolve,10.596884867,216402600,45
before,large_sparse,24,64,64,DMRG2,cached,3,gauge,0.05692222,27354144,45
before,large_sparse,24,64,64,DMRG2,cached,3,other,0.32603279499999793,15509272,1
before,chemistry_like,14,64,64,DMRG,ordinary,1,advance_env,8.12e-7,0,26
before,chemistry_like,14,64,64,DMRG,ordinary,1,AC_eigsolve,3.085658537,550496024,26
before,chemistry_like,14,64,64,DMRG,ordinary,1,gauge,0.003427275,2002480,26
before,chemistry_like,14,64,64,DMRG,ordinary,1,other,0.41326933499999985,239371240,1
before,chemistry_like,14,64,64,DMRG,cached,1,advance_env,1.368263889,789004800,26
before,chemistry_like,14,64,64,DMRG,cached,1,AC_eigsolve,1.960413071,23728264,26
before,chemistry_like,14,64,64,DMRG,cached,1,gauge,0.00310097,2009392,26
before,chemistry_like,14,64,64,DMRG,cached,1,other,0.07965433899999974,2223392,1
before,chemistry_like,14,64,64,DMRG,cached,2,advance_env,1.349983423,789005856,26
before,chemistry_like,14,64,64,DMRG,cached,2,AC_eigsolve,1.959435561,23728712,26
before,chemistry_like,14,64,64,DMRG,cached,2,gauge,0.002982881,2009520,26
before,chemistry_like,14,64,64,DMRG,cached,2,other,0.0854600470000002,2223552,1
before,chemistry_like,14,64,64,DMRG,ordinary,2,advance_env,7.17e-7,0,26
before,chemistry_like,14,64,64,DMRG,ordinary,2,AC_eigsolve,2.349315693,550495032,26
before,chemistry_like,14,64,64,DMRG,ordinary,2,gauge,0.00329286,2002448,26
before,chemistry_like,14,64,64,DMRG,ordinary,2,other,0.3878801730000001,239370184,1
before,chemistry_like,14,64,64,DMRG,ordinary,3,advance_env,7.72e-7,0,26
before,chemistry_like,14,64,64,DMRG,ordinary,3,AC_eigsolve,3.104034445,550495256,26
before,chemistry_like,14,64,64,DMRG,ordinary,3,gauge,0.003445752,2002480,26
before,chemistry_like,14,64,64,DMRG,ordinary,3,other,0.38823643600000013,239370856,1
before,chemistry_like,14,64,64,DMRG,cached,3,advance_env,1.36614816,789009752,26
before,chemistry_like,14,64,64,DMRG,cached,3,AC_eigsolve,1.992905511,23728664,26
before,chemistry_like,14,64,64,DMRG,cached,3,gauge,0.003065181,2009520,26
before,chemistry_like,14,64,64,DMRG,cached,3,other,0.08285433499999995,2223456,1
before,chemistry_like,14,64,64,DMRG2,ordinary,1,advance_env,7.01e-7,0,25
before,chemistry_like,14,64,64,DMRG2,ordinary,1,AC2_hamiltonian,1.531407516,826128296,25
before,chemistry_like,14,64,64,DMRG2,ordinary,1,AC2_eigsolve,2.242537407,32512720,25
before,chemistry_like,14,64,64,DMRG2,ordinary,1,gauge,0.011998869,5627632,25
before,chemistry_like,14,64,64,DMRG2,ordinary,1,other,0.12140579499999982,3893816,1
before,chemistry_like,14,64,64,DMRG2,cached,1,advance_env,1.40678098,1138883200,25
before,chemistry_like,14,64,64,DMRG2,cached,1,AC2_hamiltonian,0.000137494,14240,25
before,chemistry_like,14,64,64,DMRG2,cached,1,AC2_eigsolve,2.32382348,32520096,25
before,chemistry_like,14,64,64,DMRG2,cached,1,gauge,0.01150275,5633600,25
before,chemistry_like,14,64,64,DMRG2,cached,1,other,0.11894036400000019,3914536,1
before,chemistry_like,14,64,64,DMRG2,cached,2,advance_env,1.016500093,1138940208,25
before,chemistry_like,14,64,64,DMRG2,cached,2,AC2_hamiltonian,0.0001291,14240,25
before,chemistry_like,14,64,64,DMRG2,cached,2,AC2_eigsolve,2.307389202,32524736,25
before,chemistry_like,14,64,64,DMRG2,cached,2,gauge,0.011701014,5633888,25
before,chemistry_like,14,64,64,DMRG2,cached,2,other,0.12049737999999977,3914632,1
before,chemistry_like,14,64,64,DMRG2,ordinary,2,advance_env,7.34e-7,0,25
before,chemistry_like,14,64,64,DMRG2,ordinary,2,AC2_hamiltonian,1.597110553,826131624,25
before,chemistry_like,14,64,64,DMRG2,ordinary,2,AC2_eigsolve,2.334582678,32514160,25
before,chemistry_like,14,64,64,DMRG2,ordinary,2,gauge,0.011842233,5627568,25
before,chemistry_like,14,64,64,DMRG2,ordinary,2,other,0.1272356939999999,3893528,1
before,chemistry_like,14,64,64,DMRG2,ordinary,3,advance_env,1.192e-6,0,25
before,chemistry_like,14,64,64,DMRG2,ordinary,3,AC2_hamiltonian,1.604372197,826129288,25
before,chemistry_like,14,64,64,DMRG2,ordinary,3,AC2_eigsolve,2.433763766,32513808,25
before,chemistry_like,14,64,64,DMRG2,ordinary,3,gauge,0.011912038,5627952,25
before,chemistry_like,14,64,64,DMRG2,ordinary,3,other,0.12223762399999938,3893784,1
before,chemistry_like,14,64,64,DMRG2,cached,3,advance_env,1.926920399,1138904480,25
before,chemistry_like,14,64,64,DMRG2,cached,3,AC2_hamiltonian,0.000173812,14240,25
before,chemistry_like,14,64,64,DMRG2,cached,3,AC2_eigsolve,2.347175396,32522720,25
before,chemistry_like,14,64,64,DMRG2,cached,3,gauge,0.012942693,5633792,25
before,chemistry_like,14,64,64,DMRG2,cached,3,other,0.12417970200000017,3914472,1
after,nearest_neighbor,24,64,64,DMRG,ordinary,1,advance_env,1.116e-6,0,46
after,nearest_neighbor,24,64,64,DMRG,ordinary,1,AC_eigsolve,0.023318748,20301528,46
after,nearest_neighbor,24,64,64,DMRG,ordinary,1,gauge,0.007760203,7454672,46
after,nearest_neighbor,24,64,64,DMRG,ordinary,1,other,0.030291066000000002,22899200,1
after,nearest_neighbor,24,64,64,DMRG,cached,1,advance_env,0.018048085,13873496,46
after,nearest_neighbor,24,64,64,DMRG,cached,1,AC_eigsolve,0.007936207,8507064,46
after,nearest_neighbor,24,64,64,DMRG,cached,1,gauge,0.007239434,7467056,46
after,nearest_neighbor,24,64,64,DMRG,cached,1,other,0.010509933999999999,7748016,1
after,nearest_neighbor,24,64,64,DMRG,cached,2,advance_env,0.018017272,13873464,46
after,nearest_neighbor,24,64,64,DMRG,cached,2,AC_eigsolve,0.007949651,8507096,46
after,nearest_neighbor,24,64,64,DMRG,cached,2,gauge,0.007229782,7466928,46
after,nearest_neighbor,24,64,64,DMRG,cached,2,other,0.010518349000000003,7748016,1
after,nearest_neighbor,24,64,64,DMRG,ordinary,2,advance_env,1.219e-6,0,46
after,nearest_neighbor,24,64,64,DMRG,ordinary,2,AC_eigsolve,0.025219276,20301624,46
after,nearest_neighbor,24,64,64,DMRG,ordinary,2,gauge,0.008688723,7454576,46
after,nearest_neighbor,24,64,64,DMRG,ordinary,2,other,0.031882133,22899232,1
after,nearest_neighbor,24,64,64,DMRG,ordinary,3,advance_env,1.156e-6,0,46
after,nearest_neighbor,24,64,64,DMRG,ordinary,3,AC_eigsolve,0.022991708,20301528,46
after,nearest_neighbor,24,64,64,DMRG,ordinary,3,gauge,0.007448241,7454448,46
after,nearest_neighbor,24,64,64,DMRG,ordinary,3,other,0.030300498,22899328,1
after,nearest_neighbor,24,64,64,DMRG,cached,3,advance_env,0.017994993,13873432,46
after,nearest_neighbor,24,64,64,DMRG,cached,3,AC_eigsolve,0.007927266,8507064,46
after,nearest_neighbor,24,64,64,DMRG,cached,3,gauge,0.007221172,7466896,46
after,nearest_neighbor,24,64,64,DMRG,cached,3,other,0.010409310999999997,7748144,1
after,nearest_neighbor,24,64,64,DMRG2,ordinary,1,advance_env,1.174e-6,0,45
after,nearest_neighbor,24,64,64,DMRG2,ordinary,1,AC2_hamiltonian,0.029846503,19326752,45
after,nearest_neighbor,24,64,64,DMRG2,ordinary,1,AC2_eigsolve,0.011649619,14598712,45
after,nearest_neighbor,24,64,64,DMRG2,ordinary,1,gauge,0.037859444,27393616,45
after,nearest_neighbor,24,64,64,DMRG2,ordinary,1,other,0.01754882199999999,15472408,1
after,nearest_neighbor,24,64,64,DMRG2,cached,1,advance_env,0.024000446,20040688,45
after,nearest_neighbor,24,64,64,DMRG2,cached,1,AC2_hamiltonian,9.133e-5,12960,45
after,nearest_neighbor,24,64,64,DMRG2,cached,1,AC2_eigsolve,0.011681895,14614792,45
after,nearest_neighbor,24,64,64,DMRG2,cached,1,gauge,0.037888605,27406336,45
after,nearest_neighbor,24,64,64,DMRG2,cached,1,other,0.017797867999999994,15511784,1
after,nearest_neighbor,24,64,64,DMRG2,cached,2,advance_env,0.024017792,20039728,45
after,nearest_neighbor,24,64,64,DMRG2,cached,2,AC2_hamiltonian,9.2325e-5,12960,45
after,nearest_neighbor,24,64,64,DMRG2,cached,2,AC2_eigsolve,0.013275753,14613704,45
after,nearest_neighbor,24,64,64,DMRG2,cached,2,gauge,0.037848754,27404576,45
after,nearest_neighbor,24,64,64,DMRG2,cached,2,other,0.017934702999999996,15510536,1
after,nearest_neighbor,24,64,64,DMRG2,ordinary,2,advance_env,1.155e-6,0,45
after,nearest_neighbor,24,64,64,DMRG2,ordinary,2,AC2_hamiltonian,0.029696602,19327008,45
after,nearest_neighbor,24,64,64,DMRG2,ordinary,2,AC2_eigsolve,0.011746969,14598520,45
after,nearest_neighbor,24,64,64,DMRG2,ordinary,2,gauge,0.038006957,27393712,45
after,nearest_neighbor,24,64,64,DMRG2,ordinary,2,other,0.017435955000000003,15472408,1
after,nearest_neighbor,24,64,64,DMRG2,ordinary,3,advance_env,1.224e-6,0,45
after,nearest_neighbor,24,64,64,DMRG2,ordinary,3,AC2_hamiltonian,0.029713702,19326816,45
after,nearest_neighbor,24,64,64,DMRG2,ordinary,3,AC2_eigsolve,0.011792047,14598648,45
after,nearest_neighbor,24,64,64,DMRG2,ordinary,3,gauge,0.037803749,27393616,45
after,nearest_neighbor,24,64,64,DMRG2,ordinary,3,other,0.017600402,15472440,1
after,nearest_neighbor,24,64,64,DMRG2,cached,3,advance_env,0.024004324,20039888,45
after,nearest_neighbor,24,64,64,DMRG2,cached,3,AC2_hamiltonian,9.1296e-5,12960,45
after,nearest_neighbor,24,64,64,DMRG2,cached,3,AC2_eigsolve,0.011639431,14613704,45
after,nearest_neighbor,24,64,64,DMRG2,cached,3,gauge,0.03784659,27404512,45
after,nearest_neighbor,24,64,64,DMRG2,cached,3,other,0.017781797000000002,15510536,1
after,large_sparse,24,64,64,DMRG,ordinary,1,advance_env,1.259e-6,0,46
after,large_sparse,24,64,64,DMRG,ordinary,1,AC_eigsolve,5.071128797,1074126048,46
after,large_sparse,24,64,64,DMRG,ordinary,1,gauge,0.009899405,7454352,46
after,large_sparse,24,64,64,DMRG,ordinary,1,other,1.840230138,1040314184,1
after,large_sparse,24,64,64,DMRG,cached,1,advance_env,1.957147009,1506863160,46
after,large_sparse,24,64,64,DMRG,cached,1,AC_eigsolve,4.409806112,106403976,46
after,large_sparse,24,64,64,DMRG,cached,1,gauge,0.010033299,7468560,46
after,large_sparse,24,64,64,DMRG,cached,1,other,0.17198045800000017,7895536,1
after,large_sparse,24,64,64,DMRG,cached,2,advance_env,1.985668769,1506854360,46
after,large_sparse,24,64,64,DMRG,cached,2,AC_eigsolve,4.408531704,106399880,46
after,large_sparse,24,64,64,DMRG,cached,2,gauge,0.009974903,7468720,46
after,large_sparse,24,64,64,DMRG,cached,2,other,0.17147217800000014,7895408,1
after,large_sparse,24,64,64,DMRG,ordinary,2,advance_env,1.217e-6,0,46
after,large_sparse,24,64,64,DMRG,ordinary,2,AC_eigsolve,4.970173018,1074206576,46
after,large_sparse,24,64,64,DMRG,ordinary,2,gauge,0.010247863,7455824,46
after,large_sparse,24,64,64,DMRG,ordinary,2,other,0.695501138,1040379040,1
after,large_sparse,24,64,64,DMRG,ordinary,3,advance_env,3.5e-6,0,46
after,large_sparse,24,64,64,DMRG,ordinary,3,AC_eigsolve,5.067287256,1074118416,46
after,large_sparse,24,64,64,DMRG,ordinary,3,gauge,0.010208464,7454768,46
after,large_sparse,24,64,64,DMRG,ordinary,3,other,1.7873147249999999,1040305960,1
after,large_sparse,24,64,64,DMRG,cached,3,advance_env,1.980218135,1506933912,46
after,large_sparse,24,64,64,DMRG,cached,3,AC_eigsolve,4.411984741,106413384,46
after,large_sparse,24,64,64,DMRG,cached,3,gauge,0.010009081,7469456,46
after,large_sparse,24,64,64,DMRG,cached,3,other,0.17252432599999956,7895536,1
after,large_sparse,24,64,64,DMRG2,ordinary,1,advance_env,1.414e-6,0,45
after,large_sparse,24,64,64,DMRG2,ordinary,1,AC2_hamiltonian,2.387961965,1683071976,45
after,large_sparse,24,64,64,DMRG2,ordinary,1,AC2_eigsolve,9.740944933,215753480,45
after,large_sparse,24,64,64,DMRG2,ordinary,1,gauge,0.054977847,27393808,45
after,large_sparse,24,64,64,DMRG2,ordinary,1,other,0.38380244100000027,276328560,1
after,large_sparse,24,64,64,DMRG2,cached,1,advance_env,2.351655008,2212881912,45
after,large_sparse,24,64,64,DMRG2,cached,1,AC2_hamiltonian,0.000210661,26400,45
after,large_sparse,24,64,64,DMRG2,cached,1,AC2_eigsolve,9.765021772,215788824,45
after,large_sparse,24,64,64,DMRG2,cached,1,gauge,0.053887273,27407616,45
after,large_sparse,24,64,64,DMRG2,cached,1,other,0.30257087499999713,15568088,1
after,large_sparse,24,64,64,DMRG2,cached,2,advance_env,2.353684864,2212867384,45
after,large_sparse,24,64,64,DMRG2,cached,2,AC2_hamiltonian,0.000182942,26400,45
after,large_sparse,24,64,64,DMRG2,cached,2,AC2_eigsolve,9.66893818,215790344,45
after,large_sparse,24,64,64,DMRG2,cached,2,gauge,0.053905212,27408448,45
after,large_sparse,24,64,64,DMRG2,cached,2,other,0.3000419910000005,15568536,1
after,large_sparse,24,64,64,DMRG2,ordinary,2,advance_env,1.352e-6,0,45
after,large_sparse,24,64,64,DMRG2,ordinary,2,AC2_hamiltonian,1.12152147,1683218328,45
after,large_sparse,24,64,64,DMRG2,ordinary,2,AC2_eigsolve,9.80526141,215770472,45
after,large_sparse,24,64,64,DMRG2,ordinary,2,gauge,0.054001004,27396688,45
after,large_sparse,24,64,64,DMRG2,ordinary,2,other,0.33360079900000095,276330800,1
after,large_sparse,24,64,64,DMRG2,ordinary,3,advance_env,1.99e-6,0,45
after,large_sparse,24,64,64,DMRG2,ordinary,3,AC2_hamiltonian,2.407168506,1683076056,45
after,large_sparse,24,64,64,DMRG2,ordinary,3,AC2_eigsolve,9.749262928,215754152,45
after,large_sparse,24,64,64,DMRG2,ordinary,3,gauge,0.053905705,27394000,45
after,large_sparse,24,64,64,DMRG2,ordinary,3,other,0.32645786700000023,276329296,1
after,large_sparse,24,64,64,DMRG2,cached,3,advance_env,2.334229987,2212905048,45
after,large_sparse,24,64,64,DMRG2,cached,3,AC2_hamiltonian,0.000189563,26400,45
after,large_sparse,24,64,64,DMRG2,cached,3,AC2_eigsolve,9.696188667,215787896,45
after,large_sparse,24,64,64,DMRG2,cached,3,gauge,0.054012025,27407680,45
after,large_sparse,24,64,64,DMRG2,cached,3,other,0.2991593530000003,15567864,1
after,chemistry_like,14,64,64,DMRG,ordinary,1,advance_env,1.016e-6,0,26
after,chemistry_like,14,64,64,DMRG,ordinary,1,AC_eigsolve,2.405639341,551646776,26
after,chemistry_like,14,64,64,DMRG,ordinary,1,gauge,0.003343212,2009712,26
after,chemistry_like,14,64,64,DMRG,ordinary,1,other,0.38679951899999976,256077832,1
after,chemistry_like,14,64,64,DMRG,cached,1,advance_env,0.427739479,617218184,26
after,chemistry_like,14,64,64,DMRG,cached,1,AC_eigsolve,1.853575229,23941224,26
after,chemistry_like,14,64,64,DMRG,cached,1,gauge,0.003171895,2016784,26
after,chemistry_like,14,64,64,DMRG,cached,1,other,0.07785472100000002,2276192,1
after,chemistry_like,14,64,64,DMRG,cached,2,advance_env,0.556253074,617190888,26
after,chemistry_like,14,64,64,DMRG,cached,2,AC_eigsolve,1.903680184,23937544,26
after,chemistry_like,14,64,64,DMRG,cached,2,gauge,0.003036059,2016592,26
after,chemistry_like,14,64,64,DMRG,cached,2,other,0.07723238600000037,2275840,1
after,chemistry_like,14,64,64,DMRG,ordinary,2,advance_env,1.177e-6,0,26
after,chemistry_like,14,64,64,DMRG,ordinary,2,AC_eigsolve,2.168529562,551648888,26
after,chemistry_like,14,64,64,DMRG,ordinary,2,gauge,0.003272674,2009552,26
after,chemistry_like,14,64,64,DMRG,ordinary,2,other,0.393565556,256076648,1
after,chemistry_like,14,64,64,DMRG,ordinary,3,advance_env,1.164e-6,0,26
after,chemistry_like,14,64,64,DMRG,ordinary,3,AC_eigsolve,2.140738756,551644728,26
after,chemistry_like,14,64,64,DMRG,ordinary,3,gauge,0.003366221,2009552,26
after,chemistry_like,14,64,64,DMRG,ordinary,3,other,0.4140725839999999,256077448,1
after,chemistry_like,14,64,64,DMRG,cached,3,advance_env,0.409494829,617193160,26
after,chemistry_like,14,64,64,DMRG,cached,3,AC_eigsolve,1.87561258,23936488,26
after,chemistry_like,14,64,64,DMRG,cached,3,gauge,0.003033955,2016656,26
after,chemistry_like,14,64,64,DMRG,cached,3,other,0.07734971600000007,2275904,1
after,chemistry_like,14,64,64,DMRG2,ordinary,1,advance_env,8.43e-7,0,25
after,chemistry_like,14,64,64,DMRG2,ordinary,1,AC2_hamiltonian,0.754914275,833625192,25
after,chemistry_like,14,64,64,DMRG2,ordinary,1,AC2_eigsolve,2.180998208,32399792,25
after,chemistry_like,14,64,64,DMRG2,ordinary,1,gauge,0.011207418,5657168,25
after,chemistry_like,14,64,64,DMRG2,ordinary,1,other,0.11750342699999994,3927288,1
after,chemistry_like,14,64,64,DMRG2,cached,1,advance_env,1.90141631,968522664,25
after,chemistry_like,14,64,64,DMRG2,cached,1,AC2_hamiltonian,9.0044e-5,14240,25
after,chemistry_like,14,64,64,DMRG2,cached,1,AC2_eigsolve,2.140557654,32409088,25
after,chemistry_like,14,64,64,DMRG2,cached,1,gauge,0.011081416,5663456,25
after,chemistry_like,14,64,64,DMRG2,cached,1,other,0.11341980699999965,3948552,1
after,chemistry_like,14,64,64,DMRG2,cached,2,advance_env,1.86977326,968488544,25
after,chemistry_like,14,64,64,DMRG2,cached,2,AC2_hamiltonian,9.5231e-5,14240,25
after,chemistry_like,14,64,64,DMRG2,cached,2,AC2_eigsolve,2.162019107,32410464,25
after,chemistry_like,14,64,64,DMRG2,cached,2,gauge,0.010854443,5663648,25
after,chemistry_like,14,64,64,DMRG2,cached,2,other,0.11283998799999928,3948392,1
after,chemistry_like,14,64,64,DMRG2,ordinary,2,advance_env,7.27e-7,0,25
after,chemistry_like,14,64,64,DMRG2,ordinary,2,AC2_hamiltonian,0.777784828,833628488,25
after,chemistry_like,14,64,64,DMRG2,ordinary,2,AC2_eigsolve,2.126225915,32400176,25
after,chemistry_like,14,64,64,DMRG2,ordinary,2,gauge,0.011157222,5657584,25
after,chemistry_like,14,64,64,DMRG2,ordinary,2,other,0.11683193600000008,3927000,1
after,chemistry_like,14,64,64,DMRG2,ordinary,3,advance_env,6.86e-7,0,25
after,chemistry_like,14,64,64,DMRG2,ordinary,3,AC2_hamiltonian,2.048428602,833623944,25
after,chemistry_like,14,64,64,DMRG2,ordinary,3,AC2_eigsolve,2.13613993,32400336,25
after,chemistry_like,14,64,64,DMRG2,ordinary,3,gauge,0.011202316,5657488,25
after,chemistry_like,14,64,64,DMRG2,ordinary,3,other,0.11900915799999989,3927224,1
after,chemistry_like,14,64,64,DMRG2,cached,3,advance_env,1.882861831,968497664,25
after,chemistry_like,14,64,64,DMRG2,cached,3,AC2_hamiltonian,9.5263e-5,14240,25
after,chemistry_like,14,64,64,DMRG2,cached,3,AC2_eigsolve,2.140225227,32411232,25
after,chemistry_like,14,64,64,DMRG2,cached,3,gauge,0.010764432,5663488,25
after,chemistry_like,14,64,64,DMRG2,cached,3,other,0.11388772999999919,3948424,1
