branch,mps_bond,measurement,stage,seconds,allocated_bytes,gc_seconds
main,128,initial,advance_env,0.0,0,
main,128,initial,AC2_hamiltonian,10.068476275,7818461176,
main,128,initial,AC2_eigsolve,30.988574965,338155688,
main,128,initial,gauge,0.101871734,38187152,
main,128,initial,other,0.9837498360000012,23000840,
main,128,gc_audit,advance_env,0.0,0,0.0
main,128,gc_audit,AC2_hamiltonian,10.644908718,7818452600,2.806787772
main,128,gc_audit,AC2_eigsolve,31.186852033,338154536,0.134179413
main,128,gc_audit,gauge,0.099393247,38186928,0.0
main,128,gc_audit,other,1.0168415439999947,23000840,0.0
latest,128,initial,advance_env,10.610592154,9591162360,
latest,128,initial,AC2_hamiltonian,0.000150981,19104,
latest,128,initial,AC2_eigsolve,31.317829578,338503672,
latest,128,initial,gauge,0.100292249,38189184,
latest,128,initial,other,0.9760455030000017,23056040,
latest,128,gc_audit,advance_env,11.381591989,9591194136,4.740395685
latest,128,gc_audit,AC2_hamiltonian,0.000141565,19104,0.0
latest,128,gc_audit,AC2_eigsolve,31.150609712,338505016,0.0
latest,128,gc_audit,gauge,0.09982035,38189088,0.0
latest,128,gc_audit,other,0.9704030569999986,23056104,0.0
main,256,initial,advance_env,0.0,0,
main,256,initial,AC2_hamiltonian,23.428547355,19323046104,
main,256,initial,AC2_eigsolve,99.442045831,763482024,
main,256,initial,gauge,0.264893986,82860160,
main,256,initial,other,2.9242525779999937,53761736,
main,256,gc_audit,advance_env,0.0,0,0.0
main,256,gc_audit,AC2_hamiltonian,29.614823902,19323028840,3.907330508
main,256,gc_audit,AC2_eigsolve,138.142268308,763482088,0.012157786
main,256,gc_audit,gauge,0.29255004,82859968,0.0
main,256,gc_audit,other,4.990398096999968,53761560,4.440892098500626e-16
latest,256,initial,advance_env,23.643780291,24580418056,
latest,256,initial,AC2_hamiltonian,0.000145617,19104,
latest,256,initial,AC2_eigsolve,100.971696226,763769592,
latest,256,initial,gauge,0.252192197,82863088,
latest,256,initial,other,2.8376214729999987,53817704,
latest,256,gc_audit,advance_env,23.352649772,24580371176,5.567681192
latest,256,gc_audit,AC2_hamiltonian,0.000138102,19104,0.0
latest,256,gc_audit,AC2_eigsolve,99.882544069,763766968,0.0
latest,256,gc_audit,gauge,0.256807882,82862896,0.0
latest,256,gc_audit,other,2.807423971999995,53817544,0.0
