model,sites,requested_mps_bond,algorithm,overlap,max_local_error_difference,updates,ordinary_eigensolver_matvecs,cached_eigensolver_matvecs
nearest_neighbor,24,64,DMRG,0.9999999999999999,1.22496268436923e-16,46,57,57
nearest_neighbor,24,64,DMRG2,1.0000000000000016,0.0,45,48,48
nearest_neighbor,24,128,DMRG,1.0000000000000002,1.4067191998826912e-16,46,46,46
nearest_neighbor,24,128,DMRG2,1.000000000000004,0.0,45,45,45
large_sparse,24,64,DMRG,0.9999999999999974,2.963196480128035e-16,46,790,790
large_sparse,24,64,DMRG2,1.0000000000000013,6.237985307876027e-16,45,870,870
large_sparse,24,128,DMRG,1.0000000000000024,8.624361035416748e-16,46,677,677
chemistry_like,12,64,DMRG,0.9999999999999993,3.670675974179765e-16,22,22,22
chemistry_like,12,64,DMRG2,1.0000000000000007,4.2379472405694013e-16,21,21,21
chemistry_like_14,14,32,DMRG,1.0000000000000007,5.64585125575228e-16,26,289,289
chemistry_like_14,14,32,DMRG2,1.000000000000001,1.0824674490095276e-15,25,370,370
chemistry_like_14,14,64,DMRG,1.0,3.6875022491680307e-16,26,218,218
chemistry_like_14,14,64,DMRG2,1.000000000000001,5.841156838208716e-16,25,163,163
chemistry_like_14,14,128,DMRG,0.9999999999999998,3.679387804589763e-16,26,26,26
chemistry_like_14,14,128,DMRG2,1.000000000000001,6.824245953815938e-16,25,25,25
large_sparse,24,128,DMRG2,0.9999999999999988,7.546307276680114e-16,45,756,756
