path,sweep,seconds,gc_seconds,allocated_bytes
"ordinary","1","4.293752357","0.13086625","1442793776"
"ordinary","2","4.80039047","1.716458738","875593392"
"ordinary","3","3.191956658","0.101831325","875445760"
"ordinary","4","4.884958786","1.757457046","875445856"
"ordinary","5","3.196616151","0.050846595","875445392"
"ordinary","6","3.237416114","0.096091391","875444640"
"ordinary","7","4.835930437","1.762203812","875445344"
"ordinary","8","3.193066859","0.080886599","875445440"
"hybrid","1","4.142127269","0.06511126","1128124120"
"hybrid","2","4.838688471","1.78845645","1010518528"
"hybrid","3","4.773772046","1.830675767","1010373736"
"hybrid","4","2.984208222","0.024493605","1010369392"
"hybrid","5","4.727119602","1.793218841","1010373352"
"hybrid","6","3.203665274","0.267165391","1010373448"
"hybrid","7","4.50589998","1.575463949","1010364152"
"hybrid","8","4.754844098","1.758700562","1010377184"
