model,sites,terms,max_mpo_bond,nonzero_blocks,possible_blocks,mps_bond,algorithm,path,phase,sample,seconds,allocated_bytes,gc_seconds
nearest_neighbor,24,47,3,116,204,0,none,copy,remainder,1,2.94377e-5,91056.0,0.0
nearest_neighbor,24,47,3,116,204,0,none,share,remainder,1,1.55165e-5,68112.0,0.0
nearest_neighbor,24,47,3,116,204,0,none,share,remainder,2,1.62738e-5,68112.0,0.0
nearest_neighbor,24,47,3,116,204,0,none,copy,remainder,2,2.9488000000000003e-5,91056.0,0.0
nearest_neighbor,24,47,3,116,204,0,none,copy,remainder,3,2.976565e-5,91056.0,0.0
nearest_neighbor,24,47,3,116,204,0,none,share,remainder,3,1.56958e-5,68112.0,0.0
nearest_neighbor,24,47,3,116,204,0,none,share,remainder,4,1.6245250000000002e-5,68112.0,0.0
nearest_neighbor,24,47,3,116,204,0,none,copy,remainder,4,2.8704300000000002e-5,91056.0,0.0
nearest_neighbor,24,47,3,116,204,0,none,copy,remainder,5,2.73065e-5,91056.0,0.0
nearest_neighbor,24,47,3,116,204,0,none,share,remainder,5,1.655745e-5,68112.0,0.0
nearest_neighbor,24,47,3,116,204,16,DMRG,ordinary,setup,1,6.2168e-5,40288,0.0
nearest_neighbor,24,47,3,116,204,16,DMRG,ordinary,first,1,0.061738141,33367424,0.0
nearest_neighbor,24,47,3,116,204,16,DMRG,ordinary,second,1,0.016202842,11253568,0.0
nearest_neighbor,24,47,3,116,204,16,DMRG,cached,setup,1,0.006101179,4153176,0.0
nearest_neighbor,24,47,3,116,204,16,DMRG,cached,first,1,0.055604308,27005096,0.0
nearest_neighbor,24,47,3,116,204,16,DMRG,cached,second,1,0.011806854,7663064,0.0
nearest_neighbor,24,47,3,116,204,16,DMRG,cached,setup,2,0.006145684,4152984,0.0
nearest_neighbor,24,47,3,116,204,16,DMRG,cached,first,2,0.053952207,27005160,0.0
nearest_neighbor,24,47,3,116,204,16,DMRG,cached,second,2,0.011438485,7663096,0.0
nearest_neighbor,24,47,3,116,204,16,DMRG,ordinary,setup,2,6.1248e-5,40288,0.0
nearest_neighbor,24,47,3,116,204,16,DMRG,ordinary,first,2,0.062142566,33367200,0.0
nearest_neighbor,24,47,3,116,204,16,DMRG,ordinary,second,2,0.016337197,11253568,0.0
nearest_neighbor,24,47,3,116,204,16,DMRG,ordinary,setup,3,8.1962e-5,40288,0.0
nearest_neighbor,24,47,3,116,204,16,DMRG,ordinary,first,3,0.062125106,33367200,0.0
nearest_neighbor,24,47,3,116,204,16,DMRG,ordinary,second,3,0.016343471,11253568,0.0
nearest_neighbor,24,47,3,116,204,16,DMRG,cached,setup,3,0.006084105,4152984,0.0
nearest_neighbor,24,47,3,116,204,16,DMRG,cached,first,3,0.053416564,27005160,0.0
nearest_neighbor,24,47,3,116,204,16,DMRG,cached,second,3,0.011508492,7663096,0.0
nearest_neighbor,24,47,3,116,204,16,DMRG,cached,setup,4,0.005990364,4152984,0.0
nearest_neighbor,24,47,3,116,204,16,DMRG,cached,first,4,0.055538316,27005160,0.0
nearest_neighbor,24,47,3,116,204,16,DMRG,cached,second,4,0.011991832,7663096,0.0
nearest_neighbor,24,47,3,116,204,16,DMRG,ordinary,setup,4,5.8995e-5,40288,0.0
nearest_neighbor,24,47,3,116,204,16,DMRG,ordinary,first,4,0.061888196,33367312,0.0
nearest_neighbor,24,47,3,116,204,16,DMRG,ordinary,second,4,0.016081619,11253568,0.0
nearest_neighbor,24,47,3,116,204,16,DMRG,ordinary,setup,5,5.6162e-5,40288,0.0
nearest_neighbor,24,47,3,116,204,16,DMRG,ordinary,first,5,0.062327052,33367200,0.0
nearest_neighbor,24,47,3,116,204,16,DMRG,ordinary,second,5,0.016319846,11253568,0.0
nearest_neighbor,24,47,3,116,204,16,DMRG,cached,setup,5,0.006101964,4152984,0.0
nearest_neighbor,24,47,3,116,204,16,DMRG,cached,first,5,0.054323752,27005160,0.0
nearest_neighbor,24,47,3,116,204,16,DMRG,cached,second,5,0.011846529,7663096,0.0
nearest_neighbor,24,47,3,116,204,16,DMRG2,ordinary,setup,1,5.9744e-5,40240,0.0
nearest_neighbor,24,47,3,116,204,16,DMRG2,ordinary,first,1,0.081029489,46464784,0.0
nearest_neighbor,24,47,3,116,204,16,DMRG2,ordinary,second,1,0.024193061,14722608,0.0
nearest_neighbor,24,47,3,116,204,16,DMRG2,cached,setup,1,0.005977638,4653736,0.0
nearest_neighbor,24,47,3,116,204,16,DMRG2,cached,first,1,0.07319401,42078768,0.0
nearest_neighbor,24,47,3,116,204,16,DMRG2,cached,second,1,0.021689969,13042752,0.0
nearest_neighbor,24,47,3,116,204,16,DMRG2,cached,setup,2,0.006156131,4653800,0.0
nearest_neighbor,24,47,3,116,204,16,DMRG2,cached,first,2,0.073567303,42078608,0.0
nearest_neighbor,24,47,3,116,204,16,DMRG2,cached,second,2,0.02085199,13042784,0.0
nearest_neighbor,24,47,3,116,204,16,DMRG2,ordinary,setup,2,7.5454e-5,40240,0.0
nearest_neighbor,24,47,3,116,204,16,DMRG2,ordinary,first,2,0.0811085,46464624,0.0
nearest_neighbor,24,47,3,116,204,16,DMRG2,ordinary,second,2,0.023903382,14722480,0.0
nearest_neighbor,24,47,3,116,204,16,DMRG2,ordinary,setup,3,5.9858e-5,40240,0.0
nearest_neighbor,24,47,3,116,204,16,DMRG2,ordinary,first,3,0.077448427,46464656,0.0
nearest_neighbor,24,47,3,116,204,16,DMRG2,ordinary,second,3,0.023764273,14722448,0.0
nearest_neighbor,24,47,3,116,204,16,DMRG2,cached,setup,3,0.006046997,4653800,0.0
nearest_neighbor,24,47,3,116,204,16,DMRG2,cached,first,3,0.072741819,42078608,0.0
nearest_neighbor,24,47,3,116,204,16,DMRG2,cached,second,3,0.020594472,13042816,0.0
nearest_neighbor,24,47,3,116,204,16,DMRG2,cached,setup,4,0.005941467,4653800,0.0
nearest_neighbor,24,47,3,116,204,16,DMRG2,cached,first,4,0.073147789,42078608,0.0
nearest_neighbor,24,47,3,116,204,16,DMRG2,cached,second,4,0.02089531,13042816,0.0
nearest_neighbor,24,47,3,116,204,16,DMRG2,ordinary,setup,4,5.8971e-5,40240,0.0
nearest_neighbor,24,47,3,116,204,16,DMRG2,ordinary,first,4,0.077440345,46464624,0.0
nearest_neighbor,24,47,3,116,204,16,DMRG2,ordinary,second,4,0.023218784,14722480,0.0
nearest_neighbor,24,47,3,116,204,16,DMRG2,ordinary,setup,5,5.8391e-5,40240,0.0
nearest_neighbor,24,47,3,116,204,16,DMRG2,ordinary,first,5,0.077729541,46464656,0.0
nearest_neighbor,24,47,3,116,204,16,DMRG2,ordinary,second,5,0.023416273,14722448,0.0
nearest_neighbor,24,47,3,116,204,16,DMRG2,cached,setup,5,0.006227521,4653800,0.0
nearest_neighbor,24,47,3,116,204,16,DMRG2,cached,first,5,0.072937222,42078608,0.0
nearest_neighbor,24,47,3,116,204,16,DMRG2,cached,second,5,0.020738192,13042816,0.0
nearest_neighbor,24,47,3,116,204,32,DMRG,ordinary,setup,1,9.2695e-5,40288,0.0
nearest_neighbor,24,47,3,116,204,32,DMRG,ordinary,first,1,0.112991528,74917704,0.0
nearest_neighbor,24,47,3,116,204,32,DMRG,ordinary,second,1,0.024638411,19820136,0.0
nearest_neighbor,24,47,3,116,204,32,DMRG,cached,setup,1,0.00814218,9029776,0.0
nearest_neighbor,24,47,3,116,204,32,DMRG,cached,first,1,0.102468846,62210416,0.0
nearest_neighbor,24,47,3,116,204,32,DMRG,cached,second,1,0.018151694,14109344,0.0
nearest_neighbor,24,47,3,116,204,32,DMRG,cached,setup,2,0.007913777,9029744,0.0
nearest_neighbor,24,47,3,116,204,32,DMRG,cached,first,2,0.097043321,62210384,0.0
nearest_neighbor,24,47,3,116,204,32,DMRG,cached,second,2,0.016285557,14109248,0.0
nearest_neighbor,24,47,3,116,204,32,DMRG,ordinary,setup,2,7.4364e-5,40288,0.0
nearest_neighbor,24,47,3,116,204,32,DMRG,ordinary,first,2,0.108548885,74917704,0.0
nearest_neighbor,24,47,3,116,204,32,DMRG,ordinary,second,2,0.023189515,19819976,0.0
nearest_neighbor,24,47,3,116,204,32,DMRG,ordinary,setup,3,5.9843e-5,40288,0.0
nearest_neighbor,24,47,3,116,204,32,DMRG,ordinary,first,3,0.108717805,74917768,0.0
nearest_neighbor,24,47,3,116,204,32,DMRG,ordinary,second,3,0.023709369,19820040,0.0
nearest_neighbor,24,47,3,116,204,32,DMRG,cached,setup,3,0.007916331,9029744,0.0
nearest_neighbor,24,47,3,116,204,32,DMRG,cached,first,3,0.09699586,62210384,0.0
nearest_neighbor,24,47,3,116,204,32,DMRG,cached,second,3,0.016650649,14109248,0.0
nearest_neighbor,24,47,3,116,204,32,DMRG,cached,setup,4,0.007881792,9029744,0.0
nearest_neighbor,24,47,3,116,204,32,DMRG,cached,first,4,0.096519249,62210352,0.0
nearest_neighbor,24,47,3,116,204,32,DMRG,cached,second,4,0.016409342,14109184,0.0
nearest_neighbor,24,47,3,116,204,32,DMRG,ordinary,setup,4,6.3334e-5,40288,0.0
nearest_neighbor,24,47,3,116,204,32,DMRG,ordinary,first,4,0.107978001,74917736,0.0
nearest_neighbor,24,47,3,116,204,32,DMRG,ordinary,second,4,0.023503135,19819880,0.0
nearest_neighbor,24,47,3,116,204,32,DMRG,ordinary,setup,5,6.6672e-5,40288,0.0
nearest_neighbor,24,47,3,116,204,32,DMRG,ordinary,first,5,0.111497126,74917736,0.0
nearest_neighbor,24,47,3,116,204,32,DMRG,ordinary,second,5,0.023113621,19820072,0.0
nearest_neighbor,24,47,3,116,204,32,DMRG,cached,setup,5,0.007883523,9029744,0.0
nearest_neighbor,24,47,3,116,204,32,DMRG,cached,first,5,0.095970949,62210448,0.0
nearest_neighbor,24,47,3,116,204,32,DMRG,cached,second,5,0.016151365,14109312,0.0
nearest_neighbor,24,47,3,116,204,32,DMRG2,ordinary,setup,1,7.6929e-5,40240,0.0
nearest_neighbor,24,47,3,116,204,32,DMRG2,ordinary,first,1,0.186450747,117901024,0.0
nearest_neighbor,24,47,3,116,204,32,DMRG2,ordinary,second,1,0.03574194,27706312,0.0
nearest_neighbor,24,47,3,116,204,32,DMRG2,cached,setup,1,0.009585035,10175712,0.0
nearest_neighbor,24,47,3,116,204,32,DMRG2,cached,first,1,0.177596568,109842624,0.0
nearest_neighbor,24,47,3,116,204,32,DMRG2,cached,second,1,0.032675767,26580152,0.0
nearest_neighbor,24,47,3,116,204,32,DMRG2,cached,setup,2,0.009496052,10175712,0.0
nearest_neighbor,24,47,3,116,204,32,DMRG2,cached,first,2,0.178816497,109842784,0.0
nearest_neighbor,24,47,3,116,204,32,DMRG2,cached,second,2,0.032794159,26579864,0.0
nearest_neighbor,24,47,3,116,204,32,DMRG2,ordinary,setup,2,7.3943e-5,40240,0.0
nearest_neighbor,24,47,3,116,204,32,DMRG2,ordinary,first,2,0.188158973,117901024,0.0
nearest_neighbor,24,47,3,116,204,32,DMRG2,ordinary,second,2,0.036431002,27706088,0.0
nearest_neighbor,24,47,3,116,204,32,DMRG2,ordinary,setup,3,5.9261e-5,40240,0.0
nearest_neighbor,24,47,3,116,204,32,DMRG2,ordinary,first,3,0.186401629,117901088,0.0
nearest_neighbor,24,47,3,116,204,32,DMRG2,ordinary,second,3,0.035423772,27706312,0.0
nearest_neighbor,24,47,3,116,204,32,DMRG2,cached,setup,3,0.009327134,10175712,0.0
nearest_neighbor,24,47,3,116,204,32,DMRG2,cached,first,3,0.186261407,109842592,0.0
nearest_neighbor,24,47,3,116,204,32,DMRG2,cached,second,3,0.033577213,26579864,0.0
nearest_neighbor,24,47,3,116,204,32,DMRG2,cached,setup,4,0.009337684,10175712,0.0
nearest_neighbor,24,47,3,116,204,32,DMRG2,cached,first,4,0.177043902,109842688,0.0
nearest_neighbor,24,47,3,116,204,32,DMRG2,cached,second,4,0.03210972,26580088,0.0
nearest_neighbor,24,47,3,116,204,32,DMRG2,ordinary,setup,4,6.0173e-5,40240,0.0
nearest_neighbor,24,47,3,116,204,32,DMRG2,ordinary,first,4,0.186321335,117901024,0.0
nearest_neighbor,24,47,3,116,204,32,DMRG2,ordinary,second,4,0.034955399,27706344,0.0
nearest_neighbor,24,47,3,116,204,32,DMRG2,ordinary,setup,5,7.2374e-5,40240,0.0
nearest_neighbor,24,47,3,116,204,32,DMRG2,ordinary,first,5,0.185018408,117901088,0.0
nearest_neighbor,24,47,3,116,204,32,DMRG2,ordinary,second,5,0.03601926,27706312,0.0
nearest_neighbor,24,47,3,116,204,32,DMRG2,cached,setup,5,0.009522609,10175712,0.0
nearest_neighbor,24,47,3,116,204,32,DMRG2,cached,first,5,0.178829124,109842592,0.0
nearest_neighbor,24,47,3,116,204,32,DMRG2,cached,second,5,0.032910563,26579864,0.0
large_sparse,24,197,126,1671,188128,0,none,copy,remainder,1,0.0007371236,1.11612e6,0.0
large_sparse,24,197,126,1671,188128,0,none,share,remainder,1,6.286005000000001e-5,136440.0,0.0
large_sparse,24,197,126,1671,188128,0,none,share,remainder,2,6.205105e-5,136445.6,0.0
large_sparse,24,197,126,1671,188128,0,none,copy,remainder,2,0.0007374442499999999,1.1161232e6,0.0
large_sparse,24,197,126,1671,188128,0,none,copy,remainder,3,0.0007310314,1.1161216e6,0.0
large_sparse,24,197,126,1671,188128,0,none,share,remainder,3,6.378920000000001e-5,136440.0,0.0
large_sparse,24,197,126,1671,188128,0,none,share,remainder,4,6.22416e-5,136440.0,0.0
large_sparse,24,197,126,1671,188128,0,none,copy,remainder,4,0.0007356858,1.1161216e6,0.0
large_sparse,24,197,126,1671,188128,0,none,copy,remainder,5,0.0007316073999999999,1.1161216e6,0.0
large_sparse,24,197,126,1671,188128,0,none,share,remainder,5,6.247995e-5,136440.0,0.0
large_sparse,24,197,126,1671,188128,16,DMRG,ordinary,setup,1,6.2777e-5,40288,0.0
large_sparse,24,197,126,1671,188128,16,DMRG,ordinary,first,1,0.473470704,396162320,0.0
large_sparse,24,197,126,1671,188128,16,DMRG,ordinary,second,1,0.403834132,283030032,0.0
large_sparse,24,197,126,1671,188128,16,DMRG,cached,setup,1,0.079385771,117535256,0.0
large_sparse,24,197,126,1671,188128,16,DMRG,cached,first,1,0.367233839,249676344,0.0
large_sparse,24,197,126,1671,188128,16,DMRG,cached,second,1,0.362597436,229873064,0.0
large_sparse,24,197,126,1671,188128,16,DMRG,cached,setup,2,0.079258964,117535256,0.0
large_sparse,24,197,126,1671,188128,16,DMRG,cached,first,2,0.356825293,249674584,0.0
large_sparse,24,197,126,1671,188128,16,DMRG,cached,second,2,0.310863575,229874664,0.0
large_sparse,24,197,126,1671,188128,16,DMRG,ordinary,setup,2,6.1214e-5,40288,0.0
large_sparse,24,197,126,1671,188128,16,DMRG,ordinary,first,2,0.453919153,396163312,0.0
large_sparse,24,197,126,1671,188128,16,DMRG,ordinary,second,2,0.387501274,283031760,0.0
large_sparse,24,197,126,1671,188128,16,DMRG,ordinary,setup,3,6.0661e-5,40288,0.0
large_sparse,24,197,126,1671,188128,16,DMRG,ordinary,first,3,0.473627568,396162672,0.0
large_sparse,24,197,126,1671,188128,16,DMRG,ordinary,second,3,0.387769396,283031376,0.0
large_sparse,24,197,126,1671,188128,16,DMRG,cached,setup,3,0.076312507,117535256,0.0
large_sparse,24,197,126,1671,188128,16,DMRG,cached,first,3,0.354634245,249676120,0.0
large_sparse,24,197,126,1671,188128,16,DMRG,cached,second,3,0.344985089,229873064,0.0
large_sparse,24,197,126,1671,188128,16,DMRG,cached,setup,4,0.076436759,117535256,0.0
large_sparse,24,197,126,1671,188128,16,DMRG,cached,first,4,0.345524295,249674584,0.0
large_sparse,24,197,126,1671,188128,16,DMRG,cached,second,4,0.305206928,229874664,0.0
large_sparse,24,197,126,1671,188128,16,DMRG,ordinary,setup,4,5.9261e-5,40288,0.0
large_sparse,24,197,126,1671,188128,16,DMRG,ordinary,first,4,0.455824974,396163312,0.0
large_sparse,24,197,126,1671,188128,16,DMRG,ordinary,second,4,0.381226577,283031760,0.0
large_sparse,24,197,126,1671,188128,16,DMRG,ordinary,setup,5,6.2542e-5,40288,0.0
large_sparse,24,197,126,1671,188128,16,DMRG,ordinary,first,5,0.477518572,396162672,0.0
large_sparse,24,197,126,1671,188128,16,DMRG,ordinary,second,5,0.385379678,283031376,0.0
large_sparse,24,197,126,1671,188128,16,DMRG,cached,setup,5,0.079244331,117535256,0.0
large_sparse,24,197,126,1671,188128,16,DMRG,cached,first,5,0.366712378,249676120,0.0
large_sparse,24,197,126,1671,188128,16,DMRG,cached,second,5,0.348485918,229873064,0.0
large_sparse,24,197,126,1671,188128,16,DMRG2,ordinary,setup,1,6.4318e-5,40240,0.0
large_sparse,24,197,126,1671,188128,16,DMRG2,ordinary,first,1,0.66780813,376170984,0.0
large_sparse,24,197,126,1671,188128,16,DMRG2,ordinary,second,1,0.526341773,267292016,0.0
large_sparse,24,197,126,1671,188128,16,DMRG2,cached,setup,1,0.094434306,139732632,0.0
large_sparse,24,197,126,1671,188128,16,DMRG2,cached,first,1,0.593282539,326168392,0.0
large_sparse,24,197,126,1671,188128,16,DMRG2,cached,second,1,0.575167849,309766832,0.0
large_sparse,24,197,126,1671,188128,16,DMRG2,cached,setup,2,0.097609069,139732632,0.0
large_sparse,24,197,126,1671,188128,16,DMRG2,cached,first,2,0.599397461,326182280,0.0
large_sparse,24,197,126,1671,188128,16,DMRG2,cached,second,2,0.520476496,309759504,0.0
large_sparse,24,197,126,1671,188128,16,DMRG2,ordinary,setup,2,8.1206e-5,40240,0.0
large_sparse,24,197,126,1671,188128,16,DMRG2,ordinary,first,2,0.654429928,376173032,0.0
large_sparse,24,197,126,1671,188128,16,DMRG2,ordinary,second,2,0.530081098,267292080,0.0
large_sparse,24,197,126,1671,188128,16,DMRG2,ordinary,setup,3,6.0973e-5,40240,0.0
large_sparse,24,197,126,1671,188128,16,DMRG2,ordinary,first,3,0.660415222,376170856,0.0
large_sparse,24,197,126,1671,188128,16,DMRG2,ordinary,second,3,0.540960922,267292016,0.0
large_sparse,24,197,126,1671,188128,16,DMRG2,cached,setup,3,0.098052038,139732632,0.0
large_sparse,24,197,126,1671,188128,16,DMRG2,cached,first,3,0.596108858,326167944,0.0
large_sparse,24,197,126,1671,188128,16,DMRG2,cached,second,3,0.578596603,309766832,0.0
large_sparse,24,197,126,1671,188128,16,DMRG2,cached,setup,4,0.095002296,139732632,0.0
large_sparse,24,197,126,1671,188128,16,DMRG2,cached,first,4,0.593150548,326181832,0.0
large_sparse,24,197,126,1671,188128,16,DMRG2,cached,second,4,0.520440488,309759616,0.0
large_sparse,24,197,126,1671,188128,16,DMRG2,ordinary,setup,4,5.8373e-5,40240,0.0
large_sparse,24,197,126,1671,188128,16,DMRG2,ordinary,first,4,0.637774745,376173032,0.0
large_sparse,24,197,126,1671,188128,16,DMRG2,ordinary,second,4,0.525203949,267292080,0.0
large_sparse,24,197,126,1671,188128,16,DMRG2,ordinary,setup,5,6.1118e-5,40240,0.0
large_sparse,24,197,126,1671,188128,16,DMRG2,ordinary,first,5,0.648404868,376170856,0.0
large_sparse,24,197,126,1671,188128,16,DMRG2,ordinary,second,5,0.528140564,267292016,0.0
large_sparse,24,197,126,1671,188128,16,DMRG2,cached,setup,5,0.094916772,139732632,0.0
large_sparse,24,197,126,1671,188128,16,DMRG2,cached,first,5,0.589188239,326167944,0.0
large_sparse,24,197,126,1671,188128,16,DMRG2,cached,second,5,0.574263283,309766832,0.0
large_sparse,24,197,126,1671,188128,32,DMRG,ordinary,setup,1,5.9709e-5,40288,0.0
large_sparse,24,197,126,1671,188128,32,DMRG,ordinary,first,1,1.513152691,1023510832,0.036111788
large_sparse,24,197,126,1671,188128,32,DMRG,ordinary,second,1,1.150866756,705224712,0.030993035
large_sparse,24,197,126,1671,188128,32,DMRG,cached,setup,1,0.142213406,326536416,0.0
large_sparse,24,197,126,1671,188128,32,DMRG,cached,first,1,1.45629626,674377304,0.038642955
large_sparse,24,197,126,1671,188128,32,DMRG,cached,second,1,1.183355769,615053128,0.032701237
large_sparse,24,197,126,1671,188128,32,DMRG,cached,setup,2,0.144768882,326535840,0.0
large_sparse,24,197,126,1671,188128,32,DMRG,cached,first,2,1.455759797,674394936,0.038252229
large_sparse,24,197,126,1671,188128,32,DMRG,cached,second,2,1.119638471,615076168,0.034867697
large_sparse,24,197,126,1671,188128,32,DMRG,ordinary,setup,2,7.4504e-5,40288,0.0
large_sparse,24,197,126,1671,188128,32,DMRG,ordinary,first,2,1.516091201,1023563936,0.037715918
large_sparse,24,197,126,1671,188128,32,DMRG,ordinary,second,2,1.172335246,705227272,0.035177084
large_sparse,24,197,126,1671,188128,32,DMRG,ordinary,setup,3,6.2437e-5,40288,0.0
large_sparse,24,197,126,1671,188128,32,DMRG,ordinary,first,3,1.515068721,1023545904,0.037512498
large_sparse,24,197,126,1671,188128,32,DMRG,ordinary,second,3,1.183057801,705229224,0.035230165
large_sparse,24,197,126,1671,188128,32,DMRG,cached,setup,3,0.150602065,326537312,0.0
large_sparse,24,197,126,1671,188128,32,DMRG,cached,first,3,1.450634753,674377528,0.038117924
large_sparse,24,197,126,1671,188128,32,DMRG,cached,second,3,1.137478161,615077224,0.033100993
large_sparse,24,197,126,1671,188128,32,DMRG,cached,setup,4,0.14253988,326537856,0.0
large_sparse,24,197,126,1671,188128,32,DMRG,cached,first,4,1.498120276,674394776,0.041618779
large_sparse,24,197,126,1671,188128,32,DMRG,cached,second,4,1.208806623,615108488,0.038226899
large_sparse,24,197,126,1671,188128,32,DMRG,ordinary,setup,4,6.6032e-5,40288,0.0
large_sparse,24,197,126,1671,188128,32,DMRG,ordinary,first,4,1.641041987,1023551888,0.042506423
large_sparse,24,197,126,1671,188128,32,DMRG,ordinary,second,4,1.254657019,705241384,0.039310764
large_sparse,24,197,126,1671,188128,32,DMRG,ordinary,setup,5,7.0685e-5,40288,0.0
large_sparse,24,197,126,1671,188128,32,DMRG,ordinary,first,5,1.603002553,1023545776,0.038623604
large_sparse,24,197,126,1671,188128,32,DMRG,ordinary,second,5,1.264075776,705241288,0.038455152
large_sparse,24,197,126,1671,188128,32,DMRG,cached,setup,5,0.153954506,326537376,0.0
large_sparse,24,197,126,1671,188128,32,DMRG,cached,first,5,1.486809558,674377112,0.039850666
large_sparse,24,197,126,1671,188128,32,DMRG,cached,second,5,1.193012564,615176040,0.037102215
large_sparse,24,197,126,1671,188128,32,DMRG2,ordinary,setup,1,9.5642e-5,40240,0.0
large_sparse,24,197,126,1671,188128,32,DMRG2,ordinary,first,1,2.830476054,1017067744,0.036725556
large_sparse,24,197,126,1671,188128,32,DMRG2,ordinary,second,1,2.383073031,687857528,0.101043096
large_sparse,24,197,126,1671,188128,32,DMRG2,cached,setup,1,0.223156343,386264128,0.0
large_sparse,24,197,126,1671,188128,32,DMRG2,cached,first,1,2.819179449,906793024,0.036289198
large_sparse,24,197,126,1671,188128,32,DMRG2,cached,second,1,2.532282682,862158904,0.220040245
large_sparse,24,197,126,1671,188128,32,DMRG2,cached,setup,2,0.222302096,386263968,0.0
large_sparse,24,197,126,1671,188128,32,DMRG2,cached,first,2,2.994074849,906464736,0.256475194
large_sparse,24,197,126,1671,188128,32,DMRG2,cached,second,2,3.813099756,862340632,1.387912628
large_sparse,24,197,126,1671,188128,32,DMRG2,ordinary,setup,2,6.4358e-5,40240,0.0
large_sparse,24,197,126,1671,188128,32,DMRG2,ordinary,first,2,2.861548325,1017218528,0.0
large_sparse,24,197,126,1671,188128,32,DMRG2,ordinary,second,2,2.299258824,687970776,0.080997257
large_sparse,24,197,126,1671,188128,32,DMRG2,ordinary,setup,3,0.000113345,40240,0.0
large_sparse,24,197,126,1671,188128,32,DMRG2,ordinary,first,3,2.808006388,1017091936,0.043923468
large_sparse,24,197,126,1671,188128,32,DMRG2,ordinary,second,3,2.232978815,687901048,0.039760193
large_sparse,24,197,126,1671,188128,32,DMRG2,cached,setup,3,0.258901727,386263968,0.0
large_sparse,24,197,126,1671,188128,32,DMRG2,cached,first,3,2.7064243,906794336,0.038266076
large_sparse,24,197,126,1671,188128,32,DMRG2,cached,second,3,2.4138535,862087256,0.220456096
large_sparse,24,197,126,1671,188128,32,DMRG2,cached,setup,4,0.218026569,386264480,0.0
large_sparse,24,197,126,1671,188128,32,DMRG2,cached,first,4,2.851151596,906494912,0.259750473
large_sparse,24,197,126,1671,188128,32,DMRG2,cached,second,4,3.610110062,862305256,1.379618837
large_sparse,24,197,126,1671,188128,32,DMRG2,ordinary,setup,4,0.00012675,40240,0.0
large_sparse,24,197,126,1671,188128,32,DMRG2,ordinary,first,4,2.599147829,1017199616,0.043967509
large_sparse,24,197,126,1671,188128,32,DMRG2,ordinary,second,4,2.450508666,687882264,0.034506282
large_sparse,24,197,126,1671,188128,32,DMRG2,ordinary,setup,5,0.000110373,40240,0.0
large_sparse,24,197,126,1671,188128,32,DMRG2,ordinary,first,5,2.834992456,1017092064,0.043253206
large_sparse,24,197,126,1671,188128,32,DMRG2,ordinary,second,5,2.201994418,687900024,0.036082584
large_sparse,24,197,126,1671,188128,32,DMRG2,cached,setup,5,0.233766169,386264448,0.0
large_sparse,24,197,126,1671,188128,32,DMRG2,cached,first,5,2.839968646,906794592,0.03704316
large_sparse,24,197,126,1671,188128,32,DMRG2,cached,second,5,2.650767311,862084728,0.226656283
chemistry_like,12,1200,365,2740,328358,0,none,copy,remainder,1,0.0013596497000000001,2.1660272e6,0.0
chemistry_like,12,1200,365,2740,328358,0,none,share,remainder,1,0.00028032245,580534.4,0.0
chemistry_like,12,1200,365,2740,328358,0,none,share,remainder,2,0.0002548578,580534.4,0.0
chemistry_like,12,1200,365,2740,328358,0,none,copy,remainder,2,0.0015489866,2.1660288e6,0.0
chemistry_like,12,1200,365,2740,328358,0,none,copy,remainder,3,0.0013456480999999999,2.1660288e6,0.0
chemistry_like,12,1200,365,2740,328358,0,none,share,remainder,3,0.0002256537,580534.4,0.0
chemistry_like,12,1200,365,2740,328358,0,none,share,remainder,4,0.0002215293,580534.4,0.0
chemistry_like,12,1200,365,2740,328358,0,none,copy,remainder,4,0.0013611024,2.1660288e6,0.0
chemistry_like,12,1200,365,2740,328358,0,none,copy,remainder,5,0.0016671500999999999,2.1660288e6,0.0
chemistry_like,12,1200,365,2740,328358,0,none,share,remainder,5,0.00022224745,580534.4,0.0
chemistry_like,12,1200,365,2740,328358,16,DMRG,ordinary,setup,1,5.9181e-5,31008,0.0
chemistry_like,12,1200,365,2740,328358,16,DMRG,ordinary,first,1,0.261859083,224852368,0.0
chemistry_like,12,1200,365,2740,328358,16,DMRG,ordinary,second,1,0.204769331,160492624,0.0
chemistry_like,12,1200,365,2740,328358,16,DMRG,cached,setup,1,0.05427982,66988504,0.0
chemistry_like,12,1200,365,2740,328358,16,DMRG,cached,first,1,0.177602866,132556360,0.0
chemistry_like,12,1200,365,2740,328358,16,DMRG,cached,second,1,0.160567693,118171424,0.0
chemistry_like,12,1200,365,2740,328358,16,DMRG,cached,setup,2,0.057405014,66988504,0.0
chemistry_like,12,1200,365,2740,328358,16,DMRG,cached,first,2,0.187005486,132556264,0.0
chemistry_like,12,1200,365,2740,328358,16,DMRG,cached,second,2,0.161273088,118171104,0.0
chemistry_like,12,1200,365,2740,328358,16,DMRG,ordinary,setup,2,5.9988e-5,31008,0.0
chemistry_like,12,1200,365,2740,328358,16,DMRG,ordinary,first,2,0.26072698,224852336,0.0
chemistry_like,12,1200,365,2740,328358,16,DMRG,ordinary,second,2,0.205934205,160492848,0.0
chemistry_like,12,1200,365,2740,328358,16,DMRG,ordinary,setup,3,5.9836e-5,31008,0.0
chemistry_like,12,1200,365,2740,328358,16,DMRG,ordinary,first,3,0.260621675,224852336,0.0
chemistry_like,12,1200,365,2740,328358,16,DMRG,ordinary,second,3,0.207938251,160492304,0.0
chemistry_like,12,1200,365,2740,328358,16,DMRG,cached,setup,3,0.056896067,66988504,0.0
chemistry_like,12,1200,365,2740,328358,16,DMRG,cached,first,3,0.180940002,132556488,0.0
chemistry_like,12,1200,365,2740,328358,16,DMRG,cached,second,3,0.161839764,118171360,0.0
chemistry_like,12,1200,365,2740,328358,16,DMRG,cached,setup,4,0.059553766,66988504,0.0
chemistry_like,12,1200,365,2740,328358,16,DMRG,cached,first,4,0.182009477,132556504,0.0
chemistry_like,12,1200,365,2740,328358,16,DMRG,cached,second,4,0.158260817,118171136,0.0
chemistry_like,12,1200,365,2740,328358,16,DMRG,ordinary,setup,4,5.6097e-5,31008,0.0
chemistry_like,12,1200,365,2740,328358,16,DMRG,ordinary,first,4,0.258051912,224852336,0.0
chemistry_like,12,1200,365,2740,328358,16,DMRG,ordinary,second,4,0.20508088,160492880,0.0
chemistry_like,12,1200,365,2740,328358,16,DMRG,ordinary,setup,5,5.4405e-5,31008,0.0
chemistry_like,12,1200,365,2740,328358,16,DMRG,ordinary,first,5,0.25736863,224852336,0.0
chemistry_like,12,1200,365,2740,328358,16,DMRG,ordinary,second,5,0.204013417,160492336,0.0
chemistry_like,12,1200,365,2740,328358,16,DMRG,cached,setup,5,0.055249672,66988504,0.0
chemistry_like,12,1200,365,2740,328358,16,DMRG,cached,first,5,0.173180777,132556488,0.0
chemistry_like,12,1200,365,2740,328358,16,DMRG,cached,second,5,0.154282777,118171424,0.0
chemistry_like,12,1200,365,2740,328358,16,DMRG2,ordinary,setup,1,5.4968e-5,30960,0.0
chemistry_like,12,1200,365,2740,328358,16,DMRG2,ordinary,first,1,0.324710999,226483016,0.0
chemistry_like,12,1200,365,2740,328358,16,DMRG2,ordinary,second,1,0.278084567,166975592,0.0
chemistry_like,12,1200,365,2740,328358,16,DMRG2,cached,setup,1,0.061526506,76066832,0.0
chemistry_like,12,1200,365,2740,328358,16,DMRG2,cached,first,1,0.264280735,165004136,0.0
chemistry_like,12,1200,365,2740,328358,16,DMRG2,cached,second,1,0.248732663,154405456,0.0
chemistry_like,12,1200,365,2740,328358,16,DMRG2,cached,setup,2,0.063608803,76066832,0.0
chemistry_like,12,1200,365,2740,328358,16,DMRG2,cached,first,2,0.26704461,165004040,0.0
chemistry_like,12,1200,365,2740,328358,16,DMRG2,cached,second,2,0.246614416,154403568,0.0
chemistry_like,12,1200,365,2740,328358,16,DMRG2,ordinary,setup,2,5.5782e-5,30960,0.0
chemistry_like,12,1200,365,2740,328358,16,DMRG2,ordinary,first,2,0.325816643,226483016,0.0
chemistry_like,12,1200,365,2740,328358,16,DMRG2,ordinary,second,2,0.2822637,166974760,0.0
chemistry_like,12,1200,365,2740,328358,16,DMRG2,ordinary,setup,3,5.9084e-5,30960,0.0
chemistry_like,12,1200,365,2740,328358,16,DMRG2,ordinary,first,3,0.330424701,226483016,0.0
chemistry_like,12,1200,365,2740,328358,16,DMRG2,ordinary,second,3,0.28381008,166974664,0.0
chemistry_like,12,1200,365,2740,328358,16,DMRG2,cached,setup,3,0.063011917,76066832,0.0
chemistry_like,12,1200,365,2740,328358,16,DMRG2,cached,first,3,0.265322299,165004168,0.0
chemistry_like,12,1200,365,2740,328358,16,DMRG2,cached,second,3,0.246626967,154405456,0.0
chemistry_like,12,1200,365,2740,328358,16,DMRG2,cached,setup,4,0.062331175,76066832,0.0
chemistry_like,12,1200,365,2740,328358,16,DMRG2,cached,first,4,0.268252674,165004168,0.0
chemistry_like,12,1200,365,2740,328358,16,DMRG2,cached,second,4,0.247597975,154403568,0.0
chemistry_like,12,1200,365,2740,328358,16,DMRG2,ordinary,setup,4,5.3451e-5,30960,0.0
chemistry_like,12,1200,365,2740,328358,16,DMRG2,ordinary,first,4,0.334993197,226483016,0.0
chemistry_like,12,1200,365,2740,328358,16,DMRG2,ordinary,second,4,0.285148929,166974440,0.0
chemistry_like,12,1200,365,2740,328358,16,DMRG2,ordinary,setup,5,5.7803e-5,30960,0.0
chemistry_like,12,1200,365,2740,328358,16,DMRG2,ordinary,first,5,0.329908618,226483016,0.0
chemistry_like,12,1200,365,2740,328358,16,DMRG2,ordinary,second,5,0.278713459,166974472,0.0
chemistry_like,12,1200,365,2740,328358,16,DMRG2,cached,setup,5,0.062675612,76066832,0.0
chemistry_like,12,1200,365,2740,328358,16,DMRG2,cached,first,5,0.266006992,165004200,0.0
chemistry_like,12,1200,365,2740,328358,16,DMRG2,cached,second,5,0.245681768,154405456,0.0
chemistry_like,12,1200,365,2740,328358,32,DMRG,ordinary,setup,1,5.8402e-5,31008,0.0
chemistry_like,12,1200,365,2740,328358,32,DMRG,ordinary,first,1,0.410782839,350996216,0.0
chemistry_like,12,1200,365,2740,328358,32,DMRG,ordinary,second,1,0.303466076,220136352,0.0
chemistry_like,12,1200,365,2740,328358,32,DMRG,cached,setup,1,0.067793042,107178080,0.0
chemistry_like,12,1200,365,2740,328358,32,DMRG,cached,first,1,0.334213249,216798720,0.0
chemistry_like,12,1200,365,2740,328358,32,DMRG,cached,second,1,0.258486946,188653176,0.0
chemistry_like,12,1200,365,2740,328358,32,DMRG,cached,setup,2,0.068664756,107177984,0.0
chemistry_like,12,1200,365,2740,328358,32,DMRG,cached,first,2,0.32896359,216799072,0.0
chemistry_like,12,1200,365,2740,328358,32,DMRG,cached,second,2,0.248164061,188653848,0.0
chemistry_like,12,1200,365,2740,328358,32,DMRG,ordinary,setup,2,7.1096e-5,31008,0.0
chemistry_like,12,1200,365,2740,328358,32,DMRG,ordinary,first,2,0.419748929,350996216,0.0
chemistry_like,12,1200,365,2740,328358,32,DMRG,ordinary,second,2,0.310475161,220136736,0.0
chemistry_like,12,1200,365,2740,328358,32,DMRG,ordinary,setup,3,5.8533e-5,31008,0.0
chemistry_like,12,1200,365,2740,328358,32,DMRG,ordinary,first,3,0.433011229,350996408,0.0
chemistry_like,12,1200,365,2740,328358,32,DMRG,ordinary,second,3,0.315032829,220136384,0.0
chemistry_like,12,1200,365,2740,328358,32,DMRG,cached,setup,3,0.080677108,107177984,0.0
chemistry_like,12,1200,365,2740,328358,32,DMRG,cached,first,3,0.369946225,216798784,0.0
chemistry_like,12,1200,365,2740,328358,32,DMRG,cached,second,3,0.272170877,188653272,0.0
chemistry_like,12,1200,365,2740,328358,32,DMRG,cached,setup,4,0.068771282,107177984,0.0
chemistry_like,12,1200,365,2740,328358,32,DMRG,cached,first,4,0.327303158,216799072,0.0
chemistry_like,12,1200,365,2740,328358,32,DMRG,cached,second,4,0.246822099,188653848,0.0
chemistry_like,12,1200,365,2740,328358,32,DMRG,ordinary,setup,4,5.9742e-5,31008,0.0
chemistry_like,12,1200,365,2740,328358,32,DMRG,ordinary,first,4,0.416449947,350996216,0.0
chemistry_like,12,1200,365,2740,328358,32,DMRG,ordinary,second,4,0.308461684,220136736,0.0
chemistry_like,12,1200,365,2740,328358,32,DMRG,ordinary,setup,5,5.4942e-5,31008,0.0
chemistry_like,12,1200,365,2740,328358,32,DMRG,ordinary,first,5,0.43350228,350996408,0.0
chemistry_like,12,1200,365,2740,328358,32,DMRG,ordinary,second,5,0.307308545,220136384,0.0
chemistry_like,12,1200,365,2740,328358,32,DMRG,cached,setup,5,0.068848088,107177984,0.0
chemistry_like,12,1200,365,2740,328358,32,DMRG,cached,first,5,0.337499727,216798784,0.0
chemistry_like,12,1200,365,2740,328358,32,DMRG,cached,second,5,0.262277377,188653272,0.0
chemistry_like,12,1200,365,2740,328358,32,DMRG2,ordinary,setup,1,6.1788e-5,30960,0.0
chemistry_like,12,1200,365,2740,328358,32,DMRG2,ordinary,first,1,0.56582896,342978672,0.0
chemistry_like,12,1200,365,2740,328358,32,DMRG2,ordinary,second,1,0.444211184,230442392,0.0
chemistry_like,12,1200,365,2740,328358,32,DMRG2,cached,setup,1,0.08988691,125591248,0.0
chemistry_like,12,1200,365,2740,328358,32,DMRG2,cached,first,1,0.486441141,281823048,0.0
chemistry_like,12,1200,365,2740,328358,32,DMRG2,cached,second,1,0.452126608,257945096,0.0
chemistry_like,12,1200,365,2740,328358,32,DMRG2,cached,setup,2,0.082553876,125591248,0.0
chemistry_like,12,1200,365,2740,328358,32,DMRG2,cached,first,2,0.470583083,281824488,0.0
chemistry_like,12,1200,365,2740,328358,32,DMRG2,cached,second,2,0.393539571,257946024,0.0
chemistry_like,12,1200,365,2740,328358,32,DMRG2,ordinary,setup,2,5.4516e-5,30960,0.0
chemistry_like,12,1200,365,2740,328358,32,DMRG2,ordinary,first,2,0.537814469,342978768,0.0
chemistry_like,12,1200,365,2740,328358,32,DMRG2,ordinary,second,2,0.422306033,230442360,0.0
chemistry_like,12,1200,365,2740,328358,32,DMRG2,ordinary,setup,3,5.5181e-5,30960,0.0
chemistry_like,12,1200,365,2740,328358,32,DMRG2,ordinary,first,3,0.536823334,342978704,0.0
chemistry_like,12,1200,365,2740,328358,32,DMRG2,ordinary,second,3,0.437374479,230443288,0.0
chemistry_like,12,1200,365,2740,328358,32,DMRG2,cached,setup,3,0.082644143,125591248,0.0
chemistry_like,12,1200,365,2740,328358,32,DMRG2,cached,first,3,0.471121303,281822408,0.0
chemistry_like,12,1200,365,2740,328358,32,DMRG2,cached,second,3,0.438517318,257944360,0.0
chemistry_like,12,1200,365,2740,328358,32,DMRG2,cached,setup,4,0.084517857,125591248,0.0
chemistry_like,12,1200,365,2740,328358,32,DMRG2,cached,first,4,0.473536057,281824488,0.0
chemistry_like,12,1200,365,2740,328358,32,DMRG2,cached,second,4,0.39438687,257946056,0.0
chemistry_like,12,1200,365,2740,328358,32,DMRG2,ordinary,setup,4,9.0717e-5,30960,0.0
chemistry_like,12,1200,365,2740,328358,32,DMRG2,ordinary,first,4,0.544573812,342978576,0.0
chemistry_like,12,1200,365,2740,328358,32,DMRG2,ordinary,second,4,0.421915526,230442072,0.0
chemistry_like,12,1200,365,2740,328358,32,DMRG2,ordinary,setup,5,5.6885e-5,30960,0.0
chemistry_like,12,1200,365,2740,328358,32,DMRG2,ordinary,first,5,0.542949867,342978704,0.0
chemistry_like,12,1200,365,2740,328358,32,DMRG2,ordinary,second,5,0.43697595,230442808,0.0
chemistry_like,12,1200,365,2740,328358,32,DMRG2,cached,setup,5,0.082333787,125591248,0.0
chemistry_like,12,1200,365,2740,328358,32,DMRG2,cached,first,5,0.470941642,281822344,0.0
chemistry_like,12,1200,365,2740,328358,32,DMRG2,cached,second,5,0.437666249,257945224,0.0
