branch,mps_bond,sample,sweep,seconds,gc_seconds,allocated_bytes,updates,matvecs,compile_seconds,recompile_seconds
main,128,1,0,5.8906e-5,0.0,35168,,,,
main,128,1,1,48.025982887,5.308587803,14976635448,,,,
main,128,1,2,43.542262827,2.654661907,8217637544,,,,
main,128,1,3,46.470576367,2.798654014,8211417240,,,,
main,128,1,4,71.338881176,3.723083565,8215959504,,,,
main,128,2,0,4.9216e-5,0.0,35168,0,0,0.0,0.0
main,128,2,1,49.701381075,8.079327539,14976790200,33,683,0.0,0.0
main,128,2,2,42.932694517,2.841673625,8217799608,33,440,0.0,0.0
main,128,2,3,41.944105052,2.838952189,8211562264,33,428,0.0,0.0
main,128,2,4,42.497324334,2.870307287,8216115376,33,433,0.0,0.0
latest,128,1,0,5.759540128,3.109060122,5279784864,,,,
latest,128,1,1,45.037300084,5.604515258,11124330224,,,,
latest,128,1,2,43.632384678,4.142254376,9990734088,,,,
latest,128,1,3,45.332594912,5.046429051,9984369280,,,,
latest,128,1,4,43.827972083,4.751430267,9988926280,,,,
latest,128,2,0,6.538156992,3.814922135,5279782176,0,0,0.0,0.0
latest,128,2,1,44.402907067,5.496324568,11124543008,33,683,0.0,0.0
latest,128,2,2,42.669796304,3.877208236,9990946776,33,440,0.0,0.0
latest,128,2,3,42.909989992,4.622152823,9984568992,33,428,0.0,0.0
latest,128,2,4,43.383445448,4.622538582,9989127800,33,433,0.0,0.0
main,256,1,0,7.9983e-5,0.0,35456,0,0,,
main,256,1,1,138.497290996,9.025494799,36538314064,33,615,,
main,256,1,2,126.182819313,3.701172676,20223188456,33,350,,
main,256,1,3,103.433582463,2.756537388,20069839880,33,247,,
main,256,1,4,98.589346377,3.283734357,20015874600,33,220,,
main,256,2,0,5.398e-5,0.0,35168,0,0,0.0,0.0
main,256,2,1,139.100684877,10.223826797,36538214544,33,615,0.0,0.0
main,256,2,2,126.679291839,3.559258696,20223153608,33,350,0.0,0.0
main,256,2,3,103.581958054,2.965452737,20069785576,33,247,0.0,0.0
main,256,2,4,98.830625996,3.415615648,20015833304,33,220,0.0,0.0
latest,256,1,0,9.377118079,1.800669711,12627484072,0,0,,
latest,256,1,1,196.666984292,9.643519892,27524799976,33,615,,
latest,256,1,2,129.362235868,6.669118337,25480937352,33,350,,
latest,256,1,3,105.75459347,6.491522285,25326442264,33,247,,
latest,256,1,4,99.730454105,6.357660886,25272433944,33,220,,
latest,256,2,0,12.834763344,6.011106493,12627417560,0,0,0.0,0.0
latest,256,2,1,130.261908996,7.844915221,27524777448,33,615,0.0,0.0
latest,256,2,2,140.016524891,7.298092938,25480883336,33,350,0.0,0.0
latest,256,2,3,129.677897317,7.488636198,25326390776,33,247,0.0,0.0
latest,256,2,4,99.80972044,6.220705368,25272412872,33,220,0.0,0.0
