uuid,name,version,tree_hash
009596ad-96f7-51b1-9f1b-5ce2d5e8a71e,mtdev_jll,1.1.7+0,b4d631fd51f2e9cdd93724ae25b2efc198b059b1
011b41b2-24ef-40a8-b3eb-fa098493e9e1,cuTENSOR,6.3.1,9a2b4e8491f6b04c3c38b3ff75c432924dfd4655
013be700-e6cd-48c3-b4a1-df204f14c38f,UnsafeAtomics,0.3.2,21b39bfb1fab6156b61fbcba4c86c57b6216d2c3
01d81517-befc-4cb6-b9ec-a95719d0359c,RecipesPipeline,0.6.12,45cf9fd0ca5839d06ef333c8201714e888486342
05181044-ff0b-4ac5-8273-598c1e38db00,RelocatableFolders,1.0.1,ffdaf70d81cf6ff22c2b6e733c900c3321cab864
052768ef-5323-5732-b1bb-66c8b64840ba,CUDA,6.3.1,539b52468d87c205deb94b09ea9fd0b330145f7d
05823500-19ac-5b8b-9628-191a04bc5112,OpenLibm_jll,0.8.7+0,nothing
0656b61e-2033-5cc2-a64a-77c0f6c09b89,GLFW_jll,3.5.1+0,64bbbb7d1499297751b536dd39c58b20750ab1db
076d061b-32b6-4027-95e0-9a2c6f6d7e74,HashArrayMappedTries,0.2.0,2eaa69a7cab70a52b9687c8bf950a5a93ec895ae
07d1fe3e-3e46-537d-9eac-e9e13d0d4cec,TensorKit,0.17.2,408fb74ac1b6e2dcbd3f00e3b0f94bf2ec9dde77
08abe8d2-0d0c-5749-adfa-8a2ac140af0d,PrettyTables,3.5.0,99fd8f32ab6728ff205cddd24e2d9ea6cbb498d3
096a3bc2-3ced-46d0-87f4-dd12716f4bfc,GPUToolbox,3.3.3,ac858e66e7bee15ccc5931967260db8fe051e2a6
0ac62f75-1d6f-5e53-bd7c-93b484bb37c0,libass_jll,0.17.5+0,cb007192783c56d8249db4cf0e3495001edfe414
0b1a1467-8014-51b9-945f-bf0ae24f4b77,KrylovKit,0.10.4,a3babd26e875e83b461e1c0f945bff52701e8181
0c0b7dd1-d40b-584c-a123-a41640f87eec,Xorg_libXau_jll,1.0.13+0,aa1261ebbac3ccc8d16558ae6799524c450ed16b
0c68f7d7-f131-5f86-a1c3-88cf8149b2d7,GPUArrays,11.5.16,574e443e2545f8622b716676c9358ca8a7ea57b4
0d47668e-0667-5a69-a72c-f761630bfb7e,Xorg_xcb_util_renderutil_jll,0.3.10+0,5b0263b6d080716a02544c55fdff2c8d7f9a16a0
0dad84c5-d112-42e6-8d28-ef12dabb789f,ArgTools,1.1.2,nothing
1019f520-868f-41f5-a6de-eb00f4b6a39c,JLFzf,0.1.11,82f7acdc599b65e0f8ccd270ffa1467c21cb647b
10745b16-79ce-11e8-11f9-7d13ad32a3b2,Statistics,1.11.5,e2b53ce13a53367e96601081e33d34746b571bad
1082639a-0dae-5f34-9b06-72781eeb8cb3,Xorg_libXext_jll,1.3.8+0,1a4a26870bf1e5d26cd585e38038d399d7e65706
1183f4f0-6f2a-5f1a-908b-139f9cdfea6f,libdecor_jll,0.2.2+0,9bf7903af251d2050b467f76bdbe57ce541f7f4f
11f193de-5e89-5f17-923a-7d207d56daf9,LMDB,3.0.1,84e5cba87693714bfd67f589a91f24a996ff3e69
11fa318c-39cb-4a83-b1ed-cdc7ba1e3684,TensorKitManifolds,0.8.1,9896a50acf7ebe0af235d13b39c575b14bd4b9c3
12413925-8142-5f55-bb0e-6d7ca50bb09b,Xorg_xcb_util_image_jll,0.4.1+0,f4fc02e384b74418679983a97385644b67e1263b
1270edf5-f2f9-52d2-97e9-ab00b5d0237a,x264_jll,10164.0.1+0,14cc7083fc6dff3cc44f2bc435ee96d06ed79aa7
13a9c161-d5da-41f0-bcbd-e1a08ae0647f,TensorKitSectors,0.3.10,b8912f258633c7651e0bf1d2a2bab12fc7eab412
14a3606d-f60d-562e-9121-12d972cd8159,MozillaCACerts_jll,2026.8.13,nothing
182d3088-87b7-4494-8cad-fc6afaa545bc,cuBLAS,6.3.1,a480ea97d416f5be86acbe1138ee53014f4b86c4
187b0558-2788-49d3-abe0-74a17ed4e7c9,ConstructionBase,1.6.0,b4b092499347b18a015186eae3042f72267106cb
189a3867-3050-52da-a836-e630ba90ab69,Reexport,1.2.2,45e428421666073eab6f2da5c9d310d99bb12f9b
18e54dd8-cb9d-406c-a71d-865a43cbb235,IntegerMathUtils,0.1.4,c72458f1962faeb003bf23cbdb75164fe6280906
1914dd2f-81c6-5fcd-8719-6d5c9610ff09,MacroTools,0.5.16,1e0228a030642014fe5cfe68c2c0a818f9e3f522
198e06fe-97b7-11e9-32a5-e1d131e6ad66,BangBang,0.4.9,cceb62468025be98d42a5dc581b163c20896b040
1a297f60-69ca-5386-bcde-b61e274b549b,FillArrays,1.17.1,086b5fbd032baf544678cc15b52b015e4c4aceb8
1af6417a-86b4-443c-805f-a4643ffb695f,CUDA_Runtime_Discovery,2.1.1,159b1c1f03e6355bb9c6d8954e5f51019788dd26
1cfade01-22cf-5700-b092-accc4b62d6e1,UnicodeFun,0.4.1,53915e50200959667e78a92a418594b428dffddf
1d63c593-3942-5779-bab2-d838dc0a180e,LLVMOpenMP_jll,23.1.1+0,e5b100780d4d30d63b4618d7930d48af409c1772
1e29f10c-031c-5a83-9565-69cddfc27673,demumble_jll,1.3.0+0,6498e3581023f8e530f34760d18f75a69e3a4ea8
1e83bf80-4336-4d27-bf5d-d5a4f845583c,StaticArraysCore,1.4.4,6ab403037779dae8c514bad259f32a447262455a
1fa38f19-a742-5d3f-a2b9-30dd87b9d5f8,Format,1.3.7,9c68794ef81b08086aeb32eeaf33531668d5f5fc
20fd9a0b-12d5-4c2f-a8af-7c34e9e60431,cuRAND,6.3.1,b5ed00375373b699679e72f5b4c0e25d46ae1ddf
21141c5a-9bdb-4563-92ae-f87d6854732e,AMDGPU,2.8.0,b68fa9b3c836d0829212c90269a6d5b28b8c0e3c
21216c6a-2e73-6563-6e65-726566657250,Preferences,1.6.0,5005266de4bfe50e53ff44a5cb5c540b6e47a254
214eeab7-80f7-51ab-84ad-2988db7cef09,fzf_jll,0.61.1+0,b6a34e0e0960190ac2a4363a1bd003504772d631
22cec73e-a1b8-11e9-2c92-598750a2cf9c,InitialValues,0.3.1,4da0f88e9a39111c2fa3add390ab15f3a44f3ca3
23fbe1c1-3f47-55db-b15f-69d7ec21a316,Latexify,0.16.12,df7566479bd64f20bd16b09960145e70160ffb3b
2702e6a9-849d-5ed8-8c21-79e8b8f9ee43,EpollShim_jll,0.0.20230411+1,8a4be429317c42cfae6a7fc03c31bad1970c310d
27ebfcd6-29c5-5fa9-bf4b-fb8fc14df3ae,Primes,0.5.7,25cdd1d20cd005b52fc12cb6be3f75faaf59bb9b
28b8d3ca-fb5f-59d9-8090-bfdbd6d07a71,GR,0.73.27,4d777f73c46b46b8b5276206059cf8a195499314
2913bbd2-ae8a-5f71-8c99-4fb6c76f3a91,StatsBase,0.34.13,adb9da019510162e67a4493fc235c23203d8b09e
29816b5a-b9ab-546f-933c-edad1886dfa8,LibSSH2_jll,1.11.104+0,nothing
2a0f44e3-6c83-55bd-87e4-b1978d98bd5f,Base64,1.11.0,nothing
2ab3a3ac-af41-5b50-aa03-7779005ae688,LogExpFunctions,1.0.2,b85e2797b2409570e84c4de46238c0ed5f6476ae
2db6ffa8-e38f-5e21-84af-90c45d0032cc,libevdev_jll,1.13.4+0,56d643b57b188d30cccc25e331d416d3d358e557
2def613f-5ad1-5310-b15b-b15d46f528f5,Xorg_xcb_util_jll,0.4.1+0,68da27247e7d8d8dafd1fcf0c3654ad6506f5f97
2e619515-83b5-522b-bb60-26c02a35a201,Expat_jll,2.8.4+0,2bfb1e047e2ad0a5ca94365340bde8005d637568
2e76f6c2-a576-52d4-95c1-20adfe4de566,HarfBuzz_jll,100.14004.0+0,9d9531a9cb63a9edc33836414e82a07e81710de2
2f01184e-e22b-5df5-ae63-d93ebab69eaf,SparseArrays,1.13.0,nothing
30392449-352a-5448-841d-b1acce4e97dc,Pixman_jll,0.46.4+0,e4a6721aa89e62e5d4217c0b21bd714263779dda
308eb6b3-cc68-5ff3-9e97-c3c4da4fa681,RationalRoots,0.2.1,e5f5db699187a4810fda9181b34250deeedafd81
313cdc1a-70c2-5d6a-ae34-0150d3930a38,Indexing,1.1.1,ce1566720fd6b19ff3411404d4b977acd4814f9f
3161d3a3-bdf6-5164-811a-617609db77b4,Zstd_jll,1.5.7+1,nothing
33bec58e-1273-512f-9401-5d533626f822,Xorg_xkeyboard_config_jll,2.47.0+2,2e59214e017a55cb87474a00fa76035c82ac0e17
34da2185-b29b-5c13-b0c7-acf172513d20,Compat,4.18.1,9d8a54ce4b17aa5bdce0ea5c34bc5e7c340d16ad
35661453-b289-5fab-8a00-3d9160c6a3a4,Xorg_xkbcomp_jll,1.4.7+0,801a858fc9fb90c11ffddee1801bb06a738bda9b
3587e190-3f89-42d0-90ee-14403ec27112,InverseFunctions,0.1.17,a779299d77cd080bf77b97535acecd73e1c5e5cb
35b6c64b-1ee1-5834-92a3-3f624899209a,CUTENSOR_jll,2.8.1+0,a43565fde843ebe4a6408f3e690adf8409b10241
35ca27e7-8b34-5b7f-bca9-bdc33f59eb06,eudev_jll,3.2.14+0,c3b0e6196d50eab0c5ed34021aaa0bb463489510
35d6a980-a343-548e-a6ea-1d62b119f2f4,ColorSchemes,3.31.0,b0fd3f56fa442f81e0a47815c92245acfaaa4e34
36869731-bdee-424d-aa32-cab38c994e3b,Malt,1.4.1,c2335b4e291f2422e2be8abf8936ccad58a98992
36c8627f-9965-5494-a995-c6b170f724f3,Pango_jll,1.58.2+0,1912a9f1b9ca55005b03ba075f8e19993583e237
36db933b-70db-51c0-b978-0f229ee0e533,libinput_jll,1.28.1+0,91d05d7f4a9f67205bd6cf395e488009fe85b499
3783bdb8-4a98-5b6b-af9a-565f29a5fe9c,TableTraits,1.0.1,c06b2f539df1c6efa794486abfb6ed2022561a39
37e2e46d-f89d-539d-b4ee-838fcccc9c8e,LinearAlgebra,1.13.0,nothing
38a345b3-de98-5d2b-a5d3-14cd9215e700,Libuuid_jll,2.42.0+0,d620582b1f0cbe2c72dd1d5bd195a9ce73370ab1
3b182d85-2403-5c21-9c21-1e1f0cc25472,Graphite2_jll,1.3.16+0,69ffb934a5c5b7e086a0b4fee3427db2556fba6e
3cdcf5f2-1ef4-517c-9805-6587b60abb01,RecipesBase,1.4.0,0c0dcffc464cda2ff33fc8ffc1dd1bdd53cd98be
3da002f7-5984-5a60-b8a6-cbb66c0b333f,ColorTypes,0.12.3,61761f58648aa7217445f24f841839b78c712232
3f19e933-33d8-53b3-aaab-bd5110c3b7a0,p7zip_jll,17.8.2+0,nothing
3fa0cd96-eef1-5676-8a61-b3b8758bbffb,REPL,1.11.0,nothing
409d34a3-91d5-4945-b6ec-7529ddf182d8,VectorInterface,0.6.1,616c7ddfed0c9e991602f247cb754b3d632dbc14
41b62e7d-e9d1-4e23-942c-79a97adf954b,TensorKitTensors,0.3.1,0b9f1f0c0158d3393acd838af36e3962768bd354
41fe7b60-77ed-43a1-b4f0-825fd5a5650d,Unzip,0.2.0,ca0969166a028236229f63514992fc073799bb78
43287f4e-b6f4-7ad1-bb20-aadabca52c3d,PtrArrays,1.4.0,4fbbafbc6251b883f4d2705356f3641f3652a7fe
44208993-ee63-5069-9443-8e43b04a9b30,tree_sitter_llvm_jll,1.1.0+0,2fb7d0e3a8abf532fa922766ca130bf814df1e70
442fdcdd-2543-5da2-b0f3-8c86c306513e,Measures,0.3.3,b513cedd20d9c914783d8ad83d08120702bf2c77
44cfe95a-1eb2-52ea-b672-e2afdf69b78f,Pkg,1.13.0,nothing
4536629a-c528-5b80-bd46-f80d51c5b363,OpenBLAS_jll,0.3.30+0,nothing
458c3c95-2e84-50aa-8efc-19380b2a3a95,OpenSSL_jll,3.5.6+0,nothing
46192b85-c4d5-4398-a991-12ede77f4527,GPUArraysCore,0.2.1,0b2b3e8b8fb7c1f5ddbf498be2eb2b3b37c9c0ed
4af54fe1-eca0-43a8-85a7-787d91b784e3,LazyArtifacts,1.11.0,nothing
4b2f31a3-9ecc-558c-b454-b3730dcb73e9,Libmount_jll,2.42.0+0,cc3ad4faf30015a3e8094c9b5b7f19e85bdf2386
4c555306-a7a7-4459-81d9-ec55ddd5c99a,ArrayLayouts,1.13.1,843e763ba84eafdd8f59808b5661496bf463a4e7
4c88cf16-eb10-579e-8560-4a9242c79595,Aqua,0.8.18,4096262296646ab75ff2316c47798f8c2a92f641
4db3bf67-4bd7-4b4e-b153-31dc3fb37143,StridedViews,0.5.3,c0407c7c4f7f1b0387b92ed7e94e82bd070fba46
4ec0a83e-493e-50e2-b9ac-8f72acf5a8f5,Unicode,1.11.0,nothing
4ee394cb-3365-5eb0-8335-949819d2adfc,CUDA_Driver_jll,13.3.5+0,e1545697ad04e71fc9d2d95b8f5f54c1244fb607
4f6342f7-b3d2-589e-9d20-edeb45f2b2bc,Xorg_libX11_jll,1.8.13+0,808090ede1d41644447dd5cbafced4731c56bd2f
533571aa-0936-420e-b4be-9c66f5f626ca,cuFFT,6.3.1,22faa16d9aff0747b36f9cd541b653fee76240d4
53c48c17-4a7d-5ca2-90c5-79b7896eea93,FixedPointNumbers,0.8.6,59af96b98217c6ef4ae0dfe065ac7c20831d1a84
559328eb-81f9-559d-9380-de523a88c83c,FriBidi_jll,1.0.17+0,7a214fdac5ed5f59a22c2d9a885a16da1c74bbc7
56ddb016-857b-54e1-b83d-db4d58db5568,Logging,1.11.0,nothing
56f22d72-fd6d-98f1-02f0-08ddc0907c33,Artifacts,1.11.0,nothing
5ae59095-9a9b-59fe-a467-6f913c188581,Colors,0.13.2,291665b547f137df070e4dd83e432b5fee8cc4a0
5da4648a-3479-48b8-97b9-01cb529c0a1f,NVTX,1.0.3,a9083c3e469e63cca454d1fc3b19472d9d92c14a
5e0ebb24-38b0-5f93-81fe-25c709ecae67,Strided,2.6.4,5fa7f6845c91e6e351880cee67a9efc3b892bd3b
5ed8adda-3752-4e41-b88a-e8b09835ee3a,TestExtras,0.3.2,98757c18ff19c24709bc130b82f554d99a9ced2b
5f87ffc2-9cf1-4a46-8172-465d160bd8cd,BlockTensorKit,0.3.20,41801648a5c4ccf7032a9270c2559879e9075ebd
611af6d1-644e-4c5d-bd58-854d7d1254b9,NVML,6.3.1,fc18a06a044791802ddc9152d836d19b25c379d0
61579ee1-b43e-5ca0-a5da-69d92c66a64b,Ghostscript_jll,9.55.1+0,38044a04637976140074d0b0621c1edf0eb531fd
61eb1bfa-7361-4325-ad38-22787b887f55,GPUCompiler,2.6.0,717e7c75e4b431c0ff187e6518d2157396e6afe9
6206cf0b-f360-5984-af49-5437264c140e,LMDB_jll,1.0.0+0,56b8af9f260b5a5ea4cd3c12cb8faa028cf8fa15
621f4979-c628-5d54-868e-fcf4e3e8185c,AbstractFFTs,1.5.0,d92ad398961a3ed262d8bf04a1a2b8340f915fef
629bc702-f1f5-5709-abd5-49b8460ea067,Qt6Declarative_jll,6.10.2+2,159d253ab126d5b29230cf53521899bea4ef4648
62fd8b95-f654-4bbd-a8a5-9c27f68ccd50,TensorCore,0.1.1,1feb45f88d133a655e001435632f019a9a1bcdb6
63c18a36-062a-441e-b654-da1e3ab1ce7c,KernelAbstractions,0.9.43,920671fc8e3be4daf278442bf0bd5cfb46ebac48
6462fe0b-24de-5631-8697-dd941f90decc,Sockets,1.11.0,nothing
65ce6f38-6b18-4e1d-a461-8949797d7930,PackageExtensionCompat,1.0.2,fb28e33b8a95c4cee25ce296c817d89cc2e53518
66dad0bd-aa9a-41b7-9441-69ab47430ed8,AliasTables,1.1.3,9876e1e164b144ca45e9e3198d0b689cadfed9ff
67456a42-1dca-4109-a031-0a68de7e3ad5,OhMyThreads,0.8.7,ae638151254d159c4740d21a0820f17b7f74eb43
682c06a0-de6a-54ab-a142-c8b1cf79cde6,JSON,1.10.0,4657a834b01ce00f2b94546095c4350617b9af2c
692b3bcd-3c85-4b1f-b108-f13ce0eb3210,JLLWrappers,1.8.0,7204148362dafe5fe6a273f855b8ccbe4df8173e
69de0a69-1ddd-5017-9359-2bf0b02dc9f0,Parsers,3.0.0,663e8b48b789916221e0765393b289ca6c88f24e
6a4ca0a5-0e36-4168-a932-d9be78d558f1,AcceleratedKernels,0.4.4,f75592c5dc92f7f75e544b156eba7165d4418193
6aa20fa7-93e2-5fca-9bc0-fbd0db3c71a2,TensorOperations,5.8.2,3c4d975ecbf072a57aac58c10556acc250b168d3
6c6a2e73-6563-6170-7368-637461726353,Scratch,1.3.0,9b81b8393e50b7d4e6d0a9f14e192294d3b7c109
6c742aac-3347-4629-af66-fc926824e5e4,MatrixAlgebraKit,0.6.9,0f958855fc2efdc59f1b6a5a066ee3026e87edb3
6de9746b-f93d-5813-b365-ba18ad4a9cf3,Qt6Svg_jll,6.10.2+0,81587ff5ff25a4e1115ce191e36285ede0334c9d
6e34b625-4abd-537c-b88f-471c36dfa7a0,Bzip2_jll,1.0.9+0,1b96ea4a01afe0ea4090c5c8039690672dd13f2e
71e3f6e6-c059-5e7c-a2f2-d560fdad7ce5,tree_sitter_ptx_jll,0.1.0+0,e6ad264eebe3e34f03bca6b5e811d80e0f4797a2
74087812-796a-5b5d-8853-05524746bad3,Random123,1.7.1,dbe5fd0b334694e905cb9fda73cd8554333c46e2
76a88914-d11a-5bdc-97e0-2f5a05c973a2,CUDA_Runtime_jll,0.24.4+2,3c15cead505b8c648e5b34e6bf56938a03778ac7
76f85450-5226-5b5a-8eaa-529ad045b433,LibGit2,1.11.0,nothing
7746bdde-850d-59dc-9ae8-88ece973131d,Glib_jll,2.88.3+0,090526e65de8f69648ac156daae153de8b56df62
77ba4419-2d1f-58cd-9bb1-8ffee604a2e3,NaNMath,1.1.4,dbd2e8cd2c1c27f0b584f6661b4309609c5a685e
77e91f04-9b3b-57a6-a776-40b61faaebe0,OptimKit,0.5.1,bef70e24945675d7f429f52e0f8969e12c61263c
79e6a3ab-5dfb-504d-930d-738a2a938a0e,Adapt,4.7.1,7c2c19b5a26e601634bf718490b89d59685f122e
7b1f6079-737a-58dc-b8bc-7a2ca5c1b5ee,FileWatching,1.11.0,nothing
7d9f7c33-5ae7-4f3b-8dc6-eff91059b697,Accessors,0.1.45,7063ad1083578215c7c4bf410368150abe8d5524
7e506255-f358-4e82-b7e4-beb19740aa63,ScopedValues,1.6.2,67a144433c4ce877ee6d1ada69a124d6b1ecf7be
7e76a0d4-f3c7-5321-8279-8d96eeed0f29,Libglvnd_jll,1.7.1+1,d36c21b9e7c172a44a10484125024495e2625ac0
82899510-4779-5014-852e-03e436cf321d,IteratorInterfaceExtensions,1.0.0,a3f24677c21f5bbe9d2a714f95dcd58337fb2856
82ae8749-77ed-4fe6-ae5f-f523153014b0,StatsAPI,1.8.0,178ed29fd5b2a2cfc3bd31c13375ae925623ff36
83423d85-b0ee-5818-9007-b63ccbeb887a,Cairo_jll,1.18.8+0,7b841680738c19948120f6e4cf8d0200518bd564
83775a58-1f1d-513f-b197-d71354ab007a,Zlib_jll,1.3.1+2,nothing
85a47980-9c8c-11e8-2b9f-f7ca1fa99fb4,Dictionaries,0.4.6,a55766a9c8f66cf19ffcdbdb1444e249bb4ace33
861a8166-3701-5b0c-9a16-15d98fcdc6aa,Combinatorics,1.0.2,08c8b6831dc00bfea825826be0bc8336fc369860
864edb3b-99cc-5e75-8d2d-829cb0a9cfe8,DataStructures,0.19.6,b0bc6d2cad1fed8b7fd59a1551a991cb3d2809e6
873c0968-716b-5aa7-bb8d-d1e2e2aeff2d,ROCmDeviceLibs_jll,7.0.2+0,26ae7b27acf9bb6357dca3d90bc12ef5ba07f023
88015f11-f218-50d7-93a8-a6af411a945d,LERC_jll,4.2.0+0,39bca05343661c347aae0bca57a5994a0bf4f08d
887afef0-6a32-4de5-add4-7827692ba8fc,cuSOLVER,6.3.1,7c3ce90b5a56c2675365619fda814fa48f23522e
892a3eda-7b42-436c-8928-eab12a02cf0e,StringManipulation,0.6.1,9e3a02d73a8f0a9be04e677dbef758aab40f8bea
89763e89-9b03-5906-acba-b20f662cd828,Libtiff_jll,4.7.3+0,aebd334d06cee9f24cea70bd19a39749daf73881
8ac3fa9e-de4c-5943-b1dc-09c6b5f20637,LRUCache,1.6.2,5519b95a490ff5fe629c4a7aa3b3dfc9160498b3
8b046642-f1f6-4319-8d3c-209ddc03c586,LLVMLoopInfo,1.0.0,2e5c102cfc41f48ae4740c7eca7743cc7e7b75ea
8b5cbfcf-8811-596e-8e87-0e51e05ee4b2,tree_sitter_gcn_jll,0.1.0+0,7aea9f731552967bda93cb7cbf6925de65bc38d5
8ba89e20-285c-5b6f-9357-94700520ee1b,Distributed,1.11.0,nothing
8bb1440f-4735-579b-a4ab-409b98df4dab,DelimitedFiles,1.9.1,9e2f36d3c96a820c678f2f1f1782582fcf685bae
8dfed614-e22c-5e08-85e1-65c5234f0b40,Test,1.11.0,nothing
8e53e030-5e6c-5a89-a30b-be5b7263a166,libdrm_jll,2.4.134+0,28e57478e8a160d346a19c28b3fffb9273bcc9c2
8e7c35d0-a365-5155-bbbb-fb81a777f24e,BlockArrays,1.10.1,533546f11d530269459ff1f89851e71b97559c1a
8e850b90-86db-534c-a0d3-1478176c7d93,libblastrampoline_jll,5.15.0+0,nothing
8e850ede-7688-5339-a07c-302acd2aaf8d,nghttp2_jll,1.67.1+0,nothing
8f399da3-3557-5675-b5ff-fb832c97cbdb,Libdl,1.11.0,nothing
90137ffa-7385-5640-81b9-e52037218182,StaticArrays,1.9.22,39e70e0ab5d7f89833a62ab7c79df15d4fc417c1
91464d47-22a1-43fe-8b7f-2d57ee82463f,StableTasks,0.1.7,c4f6610f85cb965bee5bfafa64cbeeda55a4e0b2
91a5bcdd-55d7-5caf-9e0b-520d859cae80,Plots,1.41.7,83bd514e8ff16b5858ac54c53fa0bcf6002a3b00
91d4177d-7536-5919-b921-800302f37372,Opus_jll,1.6.1+0,e2bb57a313a74b8104064b7efd01406c0a50d2ff
929cbde3-209d-540e-8aea-75f648917ca0,LLVM,9.13.2,3bcfa5cd59aecfc0680d8b5b8ea38237b009f112
92d709cd-6900-40b7-9082-c6be49f344b6,IrrationalConstants,0.2.6,b2d91fe939cae05960e760110b328288867b5758
935fb764-8cf2-53bf-bb30-45bb1f8bf724,Xorg_libXcursor_jll,1.2.4+0,6c74ca84bbabc18c4547014765d194ff0b4dc9da
94ce4f54-9a6c-5748-9c1c-f9c7231a4531,Libiconv_jll,1.18.0+0,be484f5c92fad0bd8acfef35fe017900b0b73809
975044d2-76e6-5fbe-bf08-97ce7c6574c7,Xorg_xcb_util_keysyms_jll,0.4.1+0,44ec54b0e2acd408b0fb361e1e9244c60c9c3dd4
992d4aef-0814-514b-bc4d-f2e9a6c4116f,Showoff,1.1.1,8238217340ad0aaabe11afe39c1098b5bc9f4c8e
995b91a9-d308-5afd-9ec6-746e21dbc043,PlotUtils,1.5.1,ddcc36fd83fb4cd459a53c891981697bde0d3de6
9a156e7d-b971-5f62-b2c9-67348b8fb97c,libva_jll,2.23.0+0,7dbf96baae3310fe2fa0df0ccbb3c6288d5816c9
9a3f8284-a2c9-5f02-9a11-845980a1fd5c,Random,1.11.0,nothing
9a962f9c-6df0-11e9-0e5d-c546b8b5ee8a,DataAPI,1.16.0,abe83f3a2f1b857aac70ef8b269080af17764bbe
9c1d0b0a-7046-5b2e-a33f-ea22f176ac7e,JuliaNVTXCallbacks_jll,0.2.1+0,af433a10f3942e882d3c671aacb203e006a5808f
9d95972d-f1c8-5527-a6e0-b4b365fa01f6,TupleTools,1.6.1,a1c7e924f746f0ebc792425e7d4d2ea5b4470697
9db33cc3-5358-4881-8759-fa4194144afd,CompilerCaching,0.5.1,b032c1ce89bc82adf2bef8181c2fb75d6bce7f4a
9e67e8f6-ba02-4b6c-a7db-3b11ae1e7ab7,CUPTI,6.3.1,9048858c70e1f8006dd5f6fe9b19bb81514e76d3
9e88b42a-f829-5b0c-bbe9-9e923198166b,Serialization,1.11.0,nothing
9ec180c6-1c07-47c7-9e6e-ebefa4d1f6d0,CUDATools,6.3.1,22dd3e87469d9c0b867655ec0669af24cf38217f
9f57e263-0b3d-5e2e-b1be-24f2bb48858b,WignerSymbols,2.0.0,960e5f708871c1d9a28a7f1dbcaf4e0ee34ee960
a2964d1f-97da-50d4-b82a-358c7fce9d89,Wayland_jll,1.24.0+0,96478df35bbc2f3e1e791bc7a3d0eeee559e60e9
a2af1166-a08f-5f64-846c-94a0d3cef48c,SortingAlgorithms,1.2.3,13cd91cc9be159e3f4d95b857fa2aa383b53772a
a33af91c-f02d-484b-be07-31d278c5ca2b,CompositionsBase,0.1.2,802bb88cd69dfd1509f6670416bd4434015693ad
a3789734-cfe1-5b06-b2d0-1dd0d9d62d05,Xorg_libXdmcp_jll,1.1.6+0,52858d64353db33a56e13c341d7bf44cd0d7b309
a3f928ae-7b40-5064-980b-68af3947d34b,Fontconfig_jll,2.17.1+0,f85dac9a96a01087df6e3a749840015a0ca3817d
a44049a8-05dd-5a78-86c9-5fde0876e88c,Vulkan_Loader_jll,1.3.243+0,2f0486047a07670caad3a81a075d2e518acc5c59
a4ae2306-e953-59d6-aa16-d00cac43593b,libaom_jll,3.15.1+0,1210ba774d3427387d307bf1f416d699b7c39417
a4e569a6-e804-4fa4-b0f3-eef7a1d5b13e,Tar,1.10.0,nothing
a51aa0fd-4e3c-5386-b890-e753decda492,Xorg_libXi_jll,1.8.4+0,dcb316b3ce0941f195537dda56bea4517fcd3ff5
a63ad114-7e13-5084-954f-fe012c677804,Mmap,1.11.0,nothing
a65dc6b1-eb27-53a1-bb3e-dea574b5389e,Xorg_libpciaccess_jll,0.19.0+0,58972370b81423fc546c56a60ed1a009450177c3
a759f4b9-e2f1-59dc-863e-4aeb61b1ea8f,TimerOutputs,1.2.2,2244393f04554e24b54896b430b2ab3850a2232d
a8cc5b0e-0ffa-5ad4-8c14-923d3ee1735f,Crayons,4.2.0,54b76cbb40d9a0f5368c880725b2f141da77c94f
a9b6321e-bd34-4604-b9c9-b65b8de01458,Atomix,1.2.1,1bbcf97714051f302b3beafab65bcdeb6044c4df
aacddb02-875f-59d6-b918-886e6ef4fbf8,JpegTurbo_jll,3.2.0+1,037babc10853eeb8e585418922246cb97b8e5b74
ab4f0b2a-ad5b-11e8-123f-65d77653426b,BFloat16s,0.6.2,e9f53743fbe41a7e794d58f79d7a13699d9748fa
ac6e5ff7-fb65-4e79-a425-ec3bc9c03011,JuliaSyntaxHighlighting,1.12.0,nothing
ad6e5548-8b26-5c9f-8ef3-ef0ad883f3a5,LibTracyClient_jll,0.13.1+0,d4e20500d210247322901841d4eafc7a0c52642d
ade2ca70-3891-5945-98fb-dc099432e06a,Dates,1.11.0,nothing
ae029012-a4dd-5104-9daa-d747884805df,Requires,1.3.1,62389eeff14780bfe55195b7204c0d8738436d64
ae650224-84b6-46f8-82ea-d812ca08434e,ChunkSplitters,3.2.0,1c52c8e2673edc030191177ff1aee42d25149acb
aea7be01-6a6a-4083-8856-8a6e6704d82a,PrecompileTools,1.3.4,edbeefc7a4889f528644251bdb5fc9ab5348bc2c
b0724c58-0f36-5564-988d-3bb0596ebc4a,GettextRuntime_jll,0.22.4+0,45288942190db7c5f760f59c04495064eedf9340
b22a6f82-2f65-5046-a5b2-351ab43fb4e5,FFMPEG_jll,9.0.2+0,d9d3cd382f2c999f684e6bfa4039fcc16c153b6f
b26da814-b3bc-49ef-b0ee-c816305aa060,cuSPARSE,6.3.1,39cfa7dc11d75f24378711317292ec9d82e2af18
b27032c2-a3e7-50c8-80cd-2d36dbcbfd21,LibCURL,1.0.0,nothing
b53b4c65-9356-5827-b1ea-8c7a1a84506f,libpng_jll,1.6.59+0,32781be40fe86735af02eae0dd22754e4b5f779d
b5f81e59-6552-4d32-b1f0-c071b021bf89,IOCapture,1.0.0,0ee181ec08df7d7c911901ea38baf16f755114dc
b77e0a4c-d291-57a0-90e8-8db25a27a240,InteractiveUtils,1.11.0,nothing
b964fa9f-0449-5b57-a5c2-d3ea65f4040f,LaTeXStrings,1.4.1,f88f3ccef05a6a72a0cf0ed417c8fd68530f4ab2
bac558e1-5e72-5ebc-8fee-abe8a469f55d,OrderedCollections,2.0.2,f9b03759e9ef463718934fbed30820b39997511e
bd0ed864-bdfe-4181-a5ed-ce625a5fdea2,CUDACore,6.3.1,47e69386b3520240126a6ed8e2adb2bfe7a30b62
bd369af6-aec1-5ad0-b16a-f7cc5008161c,Tables,1.14.0,a94d9bdda1b7bed0046cea645639ab3f62196fac
bea87d4a-7f5b-5778-9afe-8cc45184846c,SuiteSparse_jll,7.10.1+0,nothing
c0090381-4147-56d7-9ebc-da0b1113ec56,Qt6Base_jll,6.10.2+2,144895f6166994730ee7ff8113b981fc360638f1
c1c5ebd0-6772-5130-a774-d5fcae4a789d,LAME_jll,3.100.3+0,059aabebaa7c82ccb853dd4a0ee9d17796f7e1bc
c22f9ab0-d5fe-5066-847c-f4bb1cd4e361,Xorg_xcb_util_wm_jll,0.4.2+0,f233c83cad1fa0e70b7771e0e21b061a116f2763
c3611d14-8923-5661-9e6a-0046d554d3a4,ColorVectorSpace,0.11.0,8b3b6f87ce8f65a2b4f857528fd8d70086cd72b1
c5fb5394-a638-5e4d-96e5-b29de1b5cf10,Xorg_xtrans_jll,1.6.0+0,a63799ff68005991f9d9491b6e95bd3478d783cb
c7cfdc94-dc32-55de-ac96-5a1b8d977c5b,Xorg_libxcb_jll,1.17.1+0,bfcaf7ec088eaba362093393fe11aa141fa15422
c834827a-8449-5923-a945-d239c165b7dd,Xorg_libSM_jll,1.2.6+0,9c7ad99c629a44f81e7799eb05ec2746abb5d588
c87230d0-a227-11e9-1b43-d7ebe4e7570a,FFMPEG,0.4.6,7bd13840b4148949e290748071bbe6826b3eabcd
ca575930-c2e3-43a9-ace4-1e988b2c1908,NetworkOptions,1.3.0,nothing
cc5c0156-bd05-5a77-8a68-bb0aafb29019,AMDGPU_LLVM_Backend_jll,22.1.8+2,73496f150f809ae747a5cec0f665ae5a46962d28
cc61e674-0454-545c-8b26-ed2c68acab7a,Xorg_libxkbfile_jll,1.2.0+0,ed756a03e95fff88d8f738ebc2849431bdd4fd1a
ccf2f8ad-2431-5c83-bf29-c5338b663b6a,PlotThemes,3.3.0,41031ef3a1be6f5bbbf3e8073f210556daeae5ca
ce943373-25bb-56aa-8eca-768745ed7b5a,Qt6ShaderTools_jll,6.10.2+1,4d85eedf69d875982c46643f6b4f66919d7e157b
cf7118a7-6976-5b1a-9a39-7adc72f591a4,UUIDs,1.11.0,nothing
d091e8ba-531a-589c-9de9-94069b037ed8,Xorg_libXfixes_jll,6.0.2+0,75e00946e43621e09d431d9b95818ee751e6b2ef
d1454406-59df-5ea1-beac-c340f2130bc3,Xorg_libXinerama_jll,1.1.7+0,0ba01bc7396896a4ace8aab67db31403c71628f4
d1e2174e-dfdc-576e-b43e-73b79eb1aca8,CUDA_Compiler_jll,0.6.3+1,0383f1022db3f335ead10b4c3a31b1ad15173dc2
d2c73de3-f751-5644-a686-071e5b155ba9,GR_jll,0.73.27+0,f8eb8f7ba13ea75083531647fc8faeda8d541f07
d3525ed8-44d0-4b2c-a655-542cee43accc,ParallelTestRunner,2.9.1,c3c294a4b73dc23ac4ebcd2ad8729d9a327b86b3
d38c429a-6771-53c6-b99e-75d170b6e991,Contour,0.6.3,439e35b0b36e2e5881738abc8857bd92ad6ff9a8
d6f4376e-aef5-505a-96c1-9c027394607a,Markdown,1.11.0,nothing
d7e528f0-a631-5988-bf34-fe36492bcfd7,FreeType2_jll,2.14.3+1,70329abc09b886fd2c5d94ad2d9527639c421e3e
d8fb68d0-12a3-5cfd-a85a-d49703b185fd,xkbcommon_jll,1.13.0+0,a1fc6507a40bf504527d0d4067d718f8e179b2b8
dad2f222-ce93-54a1-a47d-0025e8a3acab,LLVMExtra_jll,0.0.47+0,d77aea19c9a71059a021acd99b0a4343e9661d94
dce04be8-c92d-5529-be00-80e4d2c0e197,ArgCheck,2.5.0,f9e9a66c9b7be1ad7372bbd9b062d9230c30c5ce
de0858da-6303-5e67-8744-51eddeeeb8d7,Printf,1.11.0,nothing
deac9b47-8bc7-5906-a0fe-35ac56dc84c0,LibCURL_jll,8.18.0+1,nothing
dfaa095f-4041-5dcd-9319-2fabd8486b76,x265_jll,4.1.0+0,e7b67590c14d487e734dcb925924c5dc43ec85f3
e1d29d7a-bbdc-5cf2-9ac0-f12de2c33e28,Missings,1.2.0,ec4f7fbeab05d7747bdf98eb74d130a2a2ed298d
e2ba6199-217a-4e67-a87a-7c52f15ade04,ExprTools,0.1.11,d2e49e7efd29719d6f28b891b0e0e159daa9d2b4
e2d170a0-9d28-54be-80f0-106bbe20a464,DataValueInterfaces,1.0.0,bfc1187b79289637fa0ef6d4436ebdfe6905cbd6
e37daf67-58a4-590a-8e99-b0245dd2ffc5,LibGit2_jll,1.9.1+0,nothing
e66e0078-7015-5450-92f7-15fbd957f2ae,CompilerSupportLibraries_jll,1.5.5+2,nothing
e689c965-62c8-4b79-b2c5-8359227902fd,Tracy,0.1.6,73e3ff50fd3990874c59fef0f35d10644a1487bc
e6cf234a-135c-5ec9-84dd-332b85af5143,RandomNumbers,1.6.0,c6ec94d2aaba1ab2ff983052cf6a606ca5985902
e6f89c97-d47a-5376-807f-9c37f3926c36,LoggingExtras,1.2.0,f00544d95982ea270145636c181ceda21c4e2575
e7412a2a-1a6e-54c0-be00-318e2571c051,Ogg_jll,1.3.6+0,b6aa4566bb7ae78498a5e68943863fa8b5231b59
e920d4aa-a673-5f3a-b3d7-f755a4d47c43,Xorg_xcb_util_cursor_jll,0.1.6+0,9750dc53819eba4e9a20be42349a6d3b86c7cdf8
e98f9f5b-d649-5603-91fd-7774390e6439,NVTX_jll,3.2.2+0,af2232f69447494514c25742ba1503ec7e9877fe
e99dba38-086e-5de3-a5b1-6e4c66e897c3,Qt6Wayland_jll,6.10.2+1,672c938b4b4e3e0169a07a5f227029d4905456f2
e9f186c6-92d2-5b65-8a66-fee21dc1b490,Libffi_jll,3.4.7+0,c8da7e6a91781c41a863611c7e966098d783c57a
ea2f1a96-1ddc-540d-b46f-429655e07cfa,Xorg_libXrender_jll,0.9.12+0,7ed9347888fac59a618302ee38216dd0379c480d
ea8e919c-243c-51af-8825-aaa63cd721ce,SHA,1.0.0,nothing
ec057cc2-7a8d-4b58-b3b3-92acb9f63b42,StructUtils,2.9.2,b814d5005d6a529d740ffe06f8a86396f6501138
ec84b674-ba8e-5d96-8ba1-2a689ba10484,Xorg_libXrandr_jll,1.5.6+0,6c174ef70c96c76f4c3f4d3cfbe09d018bcd1b53
ed4db957-447d-4319-bfb6-7fa9ae7ecf34,TaskLocalValues,0.1.3,67e469338d9ce74fc578f7db1736a74d93a49eb8
ee1fde0b-3d02-5ea6-8484-8dfef6360eab,Dbus_jll,1.16.2+0,473e9afc9cf30814eb67ffa5f2db7df82c3ad9fd
ef6e0fe3-e6ef-59c0-bde6-4989574699e0,NVPTX_LLVM_Backend_jll,22.1.7+1,6a1ec02404e66d69b1b6bc884299a4c80f932c6d
efcefdf7-47ab-520b-bdef-62a2eaa19f15,PCRE2_jll,10.46.0+0,nothing
f0d1745a-41c9-11e9-1dd9-e5d34d218721,HalfIntegers,1.6.0,9c3149243abb5bc0bad0431d6c4fcac0f4443c7c
f0e86581-c468-54df-a4de-3266e11a3c86,tree_sitter_spirv_jll,0.1.0+0,7d8c03949bab84b23fe0500d89979e786d54a653
f27f6e37-5d2b-51aa-960f-b287f2bc3b7a,libvorbis_jll,1.3.8+0,11e1772e7f3cc987e9d3de991dd4f6b2602663a5
f43a241f-c20a-4ad4-852c-f6b1247861c6,Downloads,1.7.0,nothing
f489334b-da3d-4c2e-b8f0-e476e12c162b,StyledStrings,1.11.0,nothing
f638f0a6-7fb0-5443-88ba-1cc74229b280,libfdk_aac_jll,2.0.4+0,646634dd19587a56ee2f1199563ec056c5f228df
f67eecfb-183a-506d-b269-f58e52b52d7c,Xorg_libICE_jll,1.1.2+0,a3ea76ee3f4facd7a64684f9af25310825ee3668
fa267f1f-6049-4f14-aa54-33bafae1ed76,TOML,1.0.3,nothing
fa961155-64e5-5f13-b03f-caf6b980ea82,CEnum,0.5.0,389ad5c84de1ae7cf0e28e381131c98ea87d54fc
ffbed154-4ef7-542d-bbb7-c09d3a79fcae,DocStringExtensions,0.9.5,7442a5dfe1ebb773c29cc2962a8980f47221d76c
ffd25f8a-64ca-5728-b0f7-c24cf3aae800,XZ_jll,5.8.4+0,e52eca002a11c30a858185efdfb15311e1c7a6bf
