mode,sweep,seconds,gc_seconds,allocated_bytes
"ordinary","1","4.350306054","0.052358163","1450604976"
"ordinary","2","3.212125243","0.111471259","876376208"
"ordinary","3","4.305123057","1.264168745","876221504"
"ordinary","4","3.058625964","0.045479881","876275824"
"ordinary","5","3.170253898","0.055627182","876223680"
"ordinary","6","4.337573533","1.269036539","876225728"
"ordinary","7","3.030298304","0.042922018","876243872"
"ordinary","8","3.000037318","0.056488898","876222688"
"both","1","4.202198293","0.110536367","1134096736"
"both","2","4.160719232","1.23121361","1010585224"
"both","3","3.149826929","0.19811826","1010447176"
"both","4","4.042924193","1.100481534","1010441648"
"both","5","4.203399206","1.265699576","1010456912"
"both","6","2.935093158","0.017882778","1010454520"
"both","7","4.262126972","1.292733293","1010437200"
"both","8","3.109137457","0.179532489","1010445360"
"pairs","1","4.184476193","0.124685168","1011884312"
"pairs","2","4.139496683","1.234404441","888805656"
"pairs","3","2.865189713","0.078660824","888647456"
"pairs","4","4.109320108","1.333064272","888639752"
"pairs","5","2.92280291","0.061111769","888674640"
"pairs","6","4.131725034","1.249812071","888634480"
"pairs","7","2.927639052","0.049022277","888669136"
"pairs","8","4.163709539","1.24546489","888624240"
