sites,mps_bond,path,sample,stage,seconds,allocated_bytes,sweep_seconds,gc_seconds,eigensolver_matvecs
14,64,ordinary,1,environment_transfers,0.170973706,88453800,3.142998101,0.046914838,163
14,64,ordinary,1,one_site_preparation,0.0,0,3.142998101,0.046914838,163
14,64,ordinary,1,two_site_preparation,0.0,0,3.142998101,0.046914838,163
14,64,ordinary,1,effective_assembly,0.618411553,745157408,3.142998101,0.046914838,163
14,64,ordinary,1,eigensolve,2.219182638,32399088,3.142998101,0.046914838,163
14,64,ordinary,1,gauge,0.0123228,5657136,3.142998101,0.046914838,163
14,64,cached,1,environment_transfers,0.170060919,117063920,3.00397682,0.040369535,163
14,64,cached,1,one_site_preparation,0.221670202,492158152,3.00397682,0.040369535,163
14,64,cached,1,two_site_preparation,0.26076916,359257048,3.00397682,0.040369535,163
14,64,cached,1,effective_assembly,0.000121747,14240,3.00397682,0.040369535,163
14,64,cached,1,eigensolve,2.220007682,32408384,3.00397682,0.040369535,163
14,64,cached,1,gauge,0.011734041,5663568,3.00397682,0.040369535,163
14,64,cached,2,environment_transfers,0.167621413,117063888,2.968366392,0.040129517,163
14,64,cached,2,one_site_preparation,0.2632862,492154160,2.968366392,0.040129517,163
14,64,cached,2,two_site_preparation,0.219086339,359257176,2.968366392,0.040129517,163
14,64,cached,2,effective_assembly,0.000112639,14240,2.968366392,0.040129517,163
14,64,cached,2,eigensolve,2.187173846,32408384,2.968366392,0.040129517,163
14,64,cached,2,gauge,0.011857067,5663536,2.968366392,0.040129517,163
14,64,ordinary,2,environment_transfers,0.168845108,88453736,3.089095702,0.0,163
14,64,ordinary,2,one_site_preparation,0.0,0,3.089095702,0.0,163
14,64,ordinary,2,two_site_preparation,0.0,0,3.089095702,0.0,163
14,64,ordinary,2,effective_assembly,0.571662196,745157088,3.089095702,0.0,163
14,64,ordinary,2,eigensolve,2.215412431,32399088,3.089095702,0.0,163
14,64,ordinary,2,gauge,0.01221564,5657136,3.089095702,0.0,163
14,64,ordinary,3,environment_transfers,0.171431816,88453736,3.197530425,0.0,163
14,64,ordinary,3,one_site_preparation,0.0,0,3.197530425,0.0,163
14,64,ordinary,3,two_site_preparation,0.0,0,3.197530425,0.0,163
14,64,ordinary,3,effective_assembly,0.571733642,745157152,3.197530425,0.0,163
14,64,ordinary,3,eigensolve,2.316151602,32399088,3.197530425,0.0,163
14,64,ordinary,3,gauge,0.012484365,5657136,3.197530425,0.0,163
14,64,cached,3,environment_transfers,0.17545014,117063888,3.125356817,0.038461735,163
14,64,cached,3,one_site_preparation,0.262847486,492158248,3.125356817,0.038461735,163
14,64,cached,3,two_site_preparation,0.221366844,359257112,3.125356817,0.038461735,163
14,64,cached,3,effective_assembly,0.000118543,14240,3.125356817,0.038461735,163
14,64,cached,3,eigensolve,2.332182485,32408384,3.125356817,0.038461735,163
14,64,cached,3,gauge,0.011738686,5663536,3.125356817,0.038461735,163
