run,model,sites,terms,max_mpo_bond,requested_mps_bond,actual_mps_bond,algorithm,path,phase,sample,seconds,allocated_bytes,gc_seconds
before,nearest_neighbor,24,47,3,64,64,DMRG,ordinary,setup,1,6.2213e-5,40160,0.0
before,nearest_neighbor,24,47,3,64,64,DMRG,ordinary,first,1,0.404879002,209804240,0.0
before,nearest_neighbor,24,47,3,64,64,DMRG,ordinary,second,1,0.065945378,50173672,0.0
before,nearest_neighbor,24,47,3,64,64,DMRG,cached,setup,1,0.018592432,26799912,0.0
before,nearest_neighbor,24,47,3,64,64,DMRG,cached,first,1,0.381715323,174120504,0.0
before,nearest_neighbor,24,47,3,64,64,DMRG,cached,second,1,0.047334016,37158848,0.0
before,nearest_neighbor,24,47,3,64,64,DMRG,cached,setup,2,0.018489804,26800008,0.0
before,nearest_neighbor,24,47,3,64,64,DMRG,cached,first,2,0.372827873,174118072,0.0
before,nearest_neighbor,24,47,3,64,64,DMRG,cached,second,2,0.048015203,37158752,0.0
before,nearest_neighbor,24,47,3,64,64,DMRG,ordinary,setup,2,6.1635e-5,40160,0.0
before,nearest_neighbor,24,47,3,64,64,DMRG,ordinary,first,2,0.398755947,209804496,0.0
before,nearest_neighbor,24,47,3,64,64,DMRG,ordinary,second,2,0.065260512,50174088,0.0
before,nearest_neighbor,24,47,3,64,64,DMRG,ordinary,setup,3,7.0542e-5,40160,0.0
before,nearest_neighbor,24,47,3,64,64,DMRG,ordinary,first,3,0.399004529,209804048,0.0
before,nearest_neighbor,24,47,3,64,64,DMRG,ordinary,second,3,0.064503441,50173448,0.0
before,nearest_neighbor,24,47,3,64,64,DMRG,cached,setup,3,0.018470763,26800072,0.0
before,nearest_neighbor,24,47,3,64,64,DMRG,cached,first,3,0.369846585,174118392,0.0
before,nearest_neighbor,24,47,3,64,64,DMRG,cached,second,3,0.047424087,37158400,0.0
before,nearest_neighbor,24,47,3,64,64,DMRG2,ordinary,setup,1,6.6796e-5,40112,0.0
before,nearest_neighbor,24,47,3,64,64,DMRG2,ordinary,first,1,0.691339375,344541496,0.0
before,nearest_neighbor,24,47,3,64,64,DMRG2,ordinary,second,1,0.105193247,76097504,0.0
before,nearest_neighbor,24,47,3,64,64,DMRG2,cached,setup,1,0.022257931,30174712,0.0
before,nearest_neighbor,24,47,3,64,64,DMRG2,cached,first,1,0.688231983,322735832,0.0
before,nearest_neighbor,24,47,3,64,64,DMRG2,cached,second,1,0.101459094,76905104,0.0
before,nearest_neighbor,24,47,3,64,64,DMRG2,cached,setup,2,0.02230189,30174744,0.0
before,nearest_neighbor,24,47,3,64,64,DMRG2,cached,first,2,0.699812178,322732760,0.0
before,nearest_neighbor,24,47,3,64,64,DMRG2,cached,second,2,0.101625285,76905072,0.0
before,nearest_neighbor,24,47,3,64,64,DMRG2,ordinary,setup,2,6.5001e-5,40112,0.0
before,nearest_neighbor,24,47,3,64,64,DMRG2,ordinary,first,2,0.700982038,344538488,0.0
before,nearest_neighbor,24,47,3,64,64,DMRG2,ordinary,second,2,0.105331688,76097600,0.0
before,nearest_neighbor,24,47,3,64,64,DMRG2,ordinary,setup,3,6.2436e-5,40112,0.0
before,nearest_neighbor,24,47,3,64,64,DMRG2,ordinary,first,3,0.684350942,344538488,0.0
before,nearest_neighbor,24,47,3,64,64,DMRG2,ordinary,second,3,0.103543796,76097536,0.0
before,nearest_neighbor,24,47,3,64,64,DMRG2,cached,setup,3,0.027034359,30174712,0.0
before,nearest_neighbor,24,47,3,64,64,DMRG2,cached,first,3,0.687696339,322732728,0.0
before,nearest_neighbor,24,47,3,64,64,DMRG2,cached,second,3,0.10445856,76905136,0.0
before,large_sparse,24,197,126,64,64,DMRG,ordinary,setup,1,6.1218e-5,40160,0.0
before,large_sparse,24,197,126,64,64,DMRG,ordinary,first,1,9.895143104,3233522656,1.105711173
before,large_sparse,24,197,126,64,64,DMRG,ordinary,second,1,8.026625029,2111789136,1.074999964
before,large_sparse,24,197,126,64,64,DMRG,cached,setup,1,0.49234518,1071706216,0.024506544
before,large_sparse,24,197,126,64,64,DMRG,cached,first,1,9.321025384,2154345240,0.996918113
before,large_sparse,24,197,126,64,64,DMRG,cached,second,1,8.014799386,1952787888,1.140681109
before,large_sparse,24,197,126,64,64,DMRG,cached,setup,2,0.520837613,1071825032,0.0
before,large_sparse,24,197,126,64,64,DMRG,cached,first,2,9.747177965,2154284504,1.169131448
before,large_sparse,24,197,126,64,64,DMRG,cached,second,2,8.588715489,1952769488,1.69660628
before,large_sparse,24,197,126,64,64,DMRG,ordinary,setup,2,8.8019e-5,40160,0.0
before,large_sparse,24,197,126,64,64,DMRG,ordinary,first,2,9.736958381,3233653152,1.105542485
before,large_sparse,24,197,126,64,64,DMRG,ordinary,second,2,7.335616661,2111875632,0.332778409
before,large_sparse,24,197,126,64,64,DMRG,ordinary,setup,3,6.8373e-5,40160,0.0
before,large_sparse,24,197,126,64,64,DMRG,ordinary,first,3,9.886212041,3233597104,1.074411948
before,large_sparse,24,197,126,64,64,DMRG,ordinary,second,3,8.1371975,2111773736,1.055221502
before,large_sparse,24,197,126,64,64,DMRG,cached,setup,3,0.522158959,1071720104,0.021603277
before,large_sparse,24,197,126,64,64,DMRG,cached,first,3,9.504839094,2154330744,0.995579516
before,large_sparse,24,197,126,64,64,DMRG,cached,second,3,7.966862946,1952773776,1.149391847
before,large_sparse,24,197,126,64,64,DMRG2,ordinary,setup,1,6.9943e-5,40112,0.0
before,large_sparse,24,197,126,64,64,DMRG2,ordinary,first,1,18.460865155,3274008280,1.173309342
before,large_sparse,24,197,126,64,64,DMRG2,ordinary,second,1,15.539497865,2198248736,1.321902147
before,large_sparse,24,197,126,64,64,DMRG2,cached,setup,1,1.66201048,1242797848,1.014824663
before,large_sparse,24,197,126,64,64,DMRG2,cached,first,1,18.062673115,2940679168,1.030409199
before,large_sparse,24,197,126,64,64,DMRG2,cached,second,1,14.531591875,2796450944,1.80151032
before,large_sparse,24,197,126,64,64,DMRG2,cached,setup,2,1.501959966,1242801656,0.902005978
before,large_sparse,24,197,126,64,64,DMRG2,cached,first,2,14.93962047,2940480176,0.909393743
before,large_sparse,24,197,126,64,64,DMRG2,cached,second,2,13.68971117,2796386816,1.750318063
before,large_sparse,24,197,126,64,64,DMRG2,ordinary,setup,2,9.0153e-5,40112,0.0
before,large_sparse,24,197,126,64,64,DMRG2,ordinary,first,2,15.504883301,3274267848,0.975006736
before,large_sparse,24,197,126,64,64,DMRG2,ordinary,second,2,13.932576339,2198365824,0.998199054
before,large_sparse,24,197,126,64,64,DMRG2,ordinary,setup,3,6.322e-5,40112,0.0
before,large_sparse,24,197,126,64,64,DMRG2,ordinary,first,3,16.588215961,3274007064,1.039772857
before,large_sparse,24,197,126,64,64,DMRG2,ordinary,second,3,14.13743293,2198244160,1.16023039
before,large_sparse,24,197,126,64,64,DMRG2,cached,setup,3,1.534403264,1242799512,0.925709883
before,large_sparse,24,197,126,64,64,DMRG2,cached,first,3,15.839658619,2940633664,1.05174596
before,large_sparse,24,197,126,64,64,DMRG2,cached,second,3,13.830889598,2796416784,1.553420075
before,chemistry_like,14,2289,613,64,64,DMRG,ordinary,setup,1,5.4576e-5,32272,0.0
before,chemistry_like,14,2289,613,64,64,DMRG,ordinary,first,1,3.364450271,1463479584,0.080923499
before,chemistry_like,14,2289,613,64,64,DMRG,ordinary,second,1,3.502359297,791870320,0.852416144
before,chemistry_like,14,2289,613,64,64,DMRG,cached,setup,1,0.223164524,481834376,0.0
before,chemistry_like,14,2289,613,64,64,DMRG,cached,first,1,3.132063508,970141728,0.063980205
before,chemistry_like,14,2289,613,64,64,DMRG,cached,second,1,3.411438375,816966472,0.828238338
before,chemistry_like,14,2289,613,64,64,DMRG,cached,setup,2,0.230374868,481834408,0.0
before,chemistry_like,14,2289,613,64,64,DMRG,cached,first,2,3.144498637,970102576,0.076615213
before,chemistry_like,14,2289,613,64,64,DMRG,cached,second,2,3.397865606,816968264,0.819888604
before,chemistry_like,14,2289,613,64,64,DMRG,ordinary,setup,2,7.6282e-5,32272,0.0
before,chemistry_like,14,2289,613,64,64,DMRG,ordinary,first,2,3.35671845,1463536072,0.065132006
before,chemistry_like,14,2289,613,64,64,DMRG,ordinary,second,2,2.740492525,791868240,0.059802789
before,chemistry_like,14,2289,613,64,64,DMRG,ordinary,setup,3,6.5942e-5,32272,0.0
before,chemistry_like,14,2289,613,64,64,DMRG,ordinary,first,3,3.427741692,1463476040,0.098764125
before,chemistry_like,14,2289,613,64,64,DMRG,ordinary,second,3,3.495719506,791869168,0.802691108
before,chemistry_like,14,2289,613,64,64,DMRG,cached,setup,3,0.22244562,481833448,0.0
before,chemistry_like,14,2289,613,64,64,DMRG,cached,first,3,3.177484479,970146296,0.057469246
before,chemistry_like,14,2289,613,64,64,DMRG,cached,second,3,3.444977598,816972016,0.83013781
before,chemistry_like,14,2289,613,64,64,DMRG2,ordinary,setup,1,5.024e-5,32224,0.0
before,chemistry_like,14,2289,613,64,64,DMRG2,ordinary,first,1,4.31337907,1430494040,0.098252342
before,chemistry_like,14,2289,613,64,64,DMRG2,ordinary,second,1,3.907357682,868163040,0.803622629
before,chemistry_like,14,2289,613,64,64,DMRG2,cached,setup,1,0.322470957,567968752,0.0
before,chemistry_like,14,2289,613,64,64,DMRG2,cached,first,1,4.302524695,1298680152,0.230860665
before,chemistry_like,14,2289,613,64,64,DMRG2,cached,second,1,3.861189365,1180966296,0.651102986
before,chemistry_like,14,2289,613,64,64,DMRG2,cached,setup,2,0.319452498,567966800,0.025906597
before,chemistry_like,14,2289,613,64,64,DMRG2,cached,first,2,5.048598374,1298655920,0.86145192
before,chemistry_like,14,2289,613,64,64,DMRG2,cached,second,2,3.456221476,1181028328,0.220367209
before,chemistry_like,14,2289,613,64,64,DMRG2,ordinary,setup,2,6.3057e-5,32224,0.0
before,chemistry_like,14,2289,613,64,64,DMRG2,ordinary,first,2,4.38063106,1430514440,0.07769812
before,chemistry_like,14,2289,613,64,64,DMRG2,ordinary,second,2,4.070774724,868167456,0.889745748
before,chemistry_like,14,2289,613,64,64,DMRG2,ordinary,setup,3,5.6132e-5,32224,0.0
before,chemistry_like,14,2289,613,64,64,DMRG2,ordinary,first,3,4.379555362,1430501880,0.086173538
before,chemistry_like,14,2289,613,64,64,DMRG2,ordinary,second,3,4.17229023,868165408,0.89453289
before,chemistry_like,14,2289,613,64,64,DMRG2,cached,setup,3,0.281413577,567967312,0.0
before,chemistry_like,14,2289,613,64,64,DMRG2,cached,first,3,4.772665157,1298678424,0.31762565
before,chemistry_like,14,2289,613,64,64,DMRG2,cached,second,3,4.411403644,1180990328,1.003200933
after,nearest_neighbor,24,47,3,64,64,DMRG,ordinary,setup,1,5.8568e-5,40288,0.0
after,nearest_neighbor,24,47,3,64,64,DMRG,ordinary,first,1,0.367348904,211132432,0.0
after,nearest_neighbor,24,47,3,64,64,DMRG,ordinary,second,1,0.061373182,50655976,0.0
after,nearest_neighbor,24,47,3,64,64,DMRG,cached,setup,1,0.018088177,26894248,0.0
after,nearest_neighbor,24,47,3,64,64,DMRG,cached,first,1,0.352750368,175251544,0.0
after,nearest_neighbor,24,47,3,64,64,DMRG,cached,second,1,0.04373865,37596256,0.0
after,nearest_neighbor,24,47,3,64,64,DMRG,cached,setup,2,0.0181121,26894248,0.0
after,nearest_neighbor,24,47,3,64,64,DMRG,cached,first,2,0.341289241,175249144,0.0
after,nearest_neighbor,24,47,3,64,64,DMRG,cached,second,2,0.04371975,37596128,0.0
after,nearest_neighbor,24,47,3,64,64,DMRG,ordinary,setup,2,5.5346e-5,40288,0.0
after,nearest_neighbor,24,47,3,64,64,DMRG,ordinary,first,2,0.367441184,211131856,0.0
after,nearest_neighbor,24,47,3,64,64,DMRG,ordinary,second,2,0.065795049,50656008,0.0
after,nearest_neighbor,24,47,3,64,64,DMRG,ordinary,setup,3,5.943e-5,40288,0.0
after,nearest_neighbor,24,47,3,64,64,DMRG,ordinary,first,3,0.369048002,211131888,0.0
after,nearest_neighbor,24,47,3,64,64,DMRG,ordinary,second,3,0.060743662,50655880,0.0
after,nearest_neighbor,24,47,3,64,64,DMRG,cached,setup,3,0.017937794,26894248,0.0
after,nearest_neighbor,24,47,3,64,64,DMRG,cached,first,3,0.341341781,175249112,0.0
after,nearest_neighbor,24,47,3,64,64,DMRG,cached,second,3,0.043559731,37596160,0.0
after,nearest_neighbor,24,47,3,64,64,DMRG2,ordinary,setup,1,6.9972e-5,40240,0.0
after,nearest_neighbor,24,47,3,64,64,DMRG2,ordinary,first,1,0.645819076,348386328,0.0
after,nearest_neighbor,24,47,3,64,64,DMRG2,ordinary,second,1,0.096907784,76792064,0.0
after,nearest_neighbor,24,47,3,64,64,DMRG2,cached,setup,1,0.021656339,30276248,0.0
after,nearest_neighbor,24,47,3,64,64,DMRG2,cached,first,1,0.64259553,326419384,0.0
after,nearest_neighbor,24,47,3,64,64,DMRG2,cached,second,1,0.091466991,77587184,0.0
after,nearest_neighbor,24,47,3,64,64,DMRG2,cached,setup,2,0.021508274,30276056,0.0
after,nearest_neighbor,24,47,3,64,64,DMRG2,cached,first,2,0.625996419,326417464,0.0
after,nearest_neighbor,24,47,3,64,64,DMRG2,cached,second,2,0.093184793,77582128,0.0
after,nearest_neighbor,24,47,3,64,64,DMRG2,ordinary,setup,2,8.8599e-5,40240,0.0
after,nearest_neighbor,24,47,3,64,64,DMRG2,ordinary,first,2,0.642160785,348385336,0.0
after,nearest_neighbor,24,47,3,64,64,DMRG2,ordinary,second,2,0.09689073,76792224,0.0
after,nearest_neighbor,24,47,3,64,64,DMRG2,ordinary,setup,3,5.6644e-5,40240,0.0
after,nearest_neighbor,24,47,3,64,64,DMRG2,ordinary,first,3,0.642972805,348385368,0.0
after,nearest_neighbor,24,47,3,64,64,DMRG2,ordinary,second,3,0.096914214,76792096,0.0
after,nearest_neighbor,24,47,3,64,64,DMRG2,cached,setup,3,0.021915053,30276056,0.0
after,nearest_neighbor,24,47,3,64,64,DMRG2,cached,first,3,0.626583257,326417432,0.0
after,nearest_neighbor,24,47,3,64,64,DMRG2,cached,second,3,0.09136857,77582224,0.0
after,large_sparse,24,197,126,64,64,DMRG,ordinary,setup,1,5.5528e-5,40288,0.0
after,large_sparse,24,197,126,64,64,DMRG,ordinary,first,1,8.375744632,3246487904,1.438850597
after,large_sparse,24,197,126,64,64,DMRG,ordinary,second,1,6.92126294,2121895160,1.387322174
after,large_sparse,24,197,126,64,64,DMRG,cached,setup,1,0.330479728,857502704,0.022074164
after,large_sparse,24,197,126,64,64,DMRG,cached,first,1,7.773884404,1835160408,1.287671093
after,large_sparse,24,197,126,64,64,DMRG,cached,second,1,6.548980111,1628631856,1.297579085
after,large_sparse,24,197,126,64,64,DMRG,cached,setup,2,0.324952514,857484016,0.021726324
after,large_sparse,24,197,126,64,64,DMRG,cached,first,2,7.802709725,1835151416,1.296257518
after,large_sparse,24,197,126,64,64,DMRG,cached,second,2,6.575653512,1628618992,1.310578033
after,large_sparse,24,197,126,64,64,DMRG,ordinary,setup,2,6.5456e-5,40288,0.0
after,large_sparse,24,197,126,64,64,DMRG,ordinary,first,2,8.336458817,3246636224,1.397986388
after,large_sparse,24,197,126,64,64,DMRG,ordinary,second,2,5.675926792,2122042016,0.068741221
after,large_sparse,24,197,126,64,64,DMRG,ordinary,setup,3,5.733e-5,40288,0.0
after,large_sparse,24,197,126,64,64,DMRG,ordinary,first,3,8.536274361,3246506592,1.411413347
after,large_sparse,24,197,126,64,64,DMRG,ordinary,second,3,6.864816838,2121879720,1.359561464
after,large_sparse,24,197,126,64,64,DMRG,cached,setup,3,0.340730145,857516176,0.022233425
after,large_sparse,24,197,126,64,64,DMRG,cached,first,3,7.800932298,1835123352,1.340879613
after,large_sparse,24,197,126,64,64,DMRG,cached,second,3,6.574752488,1628712912,1.310628869
after,large_sparse,24,197,126,64,64,DMRG2,ordinary,setup,1,7.7119e-5,40240,0.0
after,large_sparse,24,197,126,64,64,DMRG2,ordinary,first,1,15.144483754,3280526920,1.407993203
after,large_sparse,24,197,126,64,64,DMRG2,ordinary,second,1,12.567694705,2202548400,1.36234667
after,large_sparse,24,197,126,64,64,DMRG2,cached,setup,1,0.503902702,1105293896,0.019791282
after,large_sparse,24,197,126,64,64,DMRG2,cached,first,1,15.713360944,2615670712,2.616291484
after,large_sparse,24,197,126,64,64,DMRG2,cached,second,1,12.4733501,2471673464,1.351176414
after,large_sparse,24,197,126,64,64,DMRG2,cached,setup,2,0.529204841,1105259272,0.050974542
after,large_sparse,24,197,126,64,64,DMRG2,cached,first,2,15.554016712,2615646232,2.567403035
after,large_sparse,24,197,126,64,64,DMRG2,cached,second,2,12.376759227,2471661736,1.331128147
after,large_sparse,24,197,126,64,64,DMRG2,ordinary,setup,2,8.0024e-5,40240,0.0
after,large_sparse,24,197,126,64,64,DMRG2,ordinary,first,2,14.864921573,3280666472,1.462997177
after,large_sparse,24,197,126,64,64,DMRG2,ordinary,second,2,11.314389125,2202716864,0.118220061
after,large_sparse,24,197,126,64,64,DMRG2,ordinary,setup,3,6.4165e-5,40240,0.0
after,large_sparse,24,197,126,64,64,DMRG2,ordinary,first,3,14.841317432,3280526056,1.45072291
after,large_sparse,24,197,126,64,64,DMRG2,ordinary,second,3,12.53680372,2202554080,1.415312034
after,large_sparse,24,197,126,64,64,DMRG2,cached,setup,3,0.475820719,1105271704,0.019800208
after,large_sparse,24,197,126,64,64,DMRG2,cached,first,3,15.563691259,2615678680,2.571243505
after,large_sparse,24,197,126,64,64,DMRG2,cached,second,3,12.383784529,2471695512,1.320767976
after,chemistry_like,14,2289,613,64,64,DMRG,ordinary,setup,1,5.5538e-5,32400,0.0
after,chemistry_like,14,2289,613,64,64,DMRG,ordinary,first,1,3.20513058,1486597880,0.086293315
after,chemistry_like,14,2289,613,64,64,DMRG,ordinary,second,1,2.795793226,809734896,0.233214819
after,chemistry_like,14,2289,613,64,64,DMRG,cached,setup,1,0.234255365,398126624,0.041560077
after,chemistry_like,14,2289,613,64,64,DMRG,cached,first,1,4.147596691,792386216,1.320455405
after,chemistry_like,14,2289,613,64,64,DMRG,cached,second,1,2.362347276,645453008,0.0
after,chemistry_like,14,2289,613,64,64,DMRG,cached,setup,2,0.21340278,398123520,0.0
after,chemistry_like,14,2289,613,64,64,DMRG,cached,first,2,2.809166502,792390648,0.030728277
after,chemistry_like,14,2289,613,64,64,DMRG,cached,second,2,2.540206211,645421488,0.216495838
after,chemistry_like,14,2289,613,64,64,DMRG,ordinary,setup,2,5.4175e-5,32400,0.0
after,chemistry_like,14,2289,613,64,64,DMRG,ordinary,first,2,4.531750503,1486600248,1.392344797
after,chemistry_like,14,2289,613,64,64,DMRG,ordinary,second,2,2.565371912,809735664,0.0
after,chemistry_like,14,2289,613,64,64,DMRG,ordinary,setup,3,8.3811e-5,32400,0.0
after,chemistry_like,14,2289,613,64,64,DMRG,ordinary,first,3,3.210709228,1486604856,0.076154173
after,chemistry_like,14,2289,613,64,64,DMRG,ordinary,second,3,2.558181435,809732304,0.023974906
after,chemistry_like,14,2289,613,64,64,DMRG,cached,setup,3,0.187668224,398122848,0.0
after,chemistry_like,14,2289,613,64,64,DMRG,cached,first,3,2.820668413,792400008,0.02832187
after,chemistry_like,14,2289,613,64,64,DMRG,cached,second,3,2.36549648,645422832,0.034608481
after,chemistry_like,14,2289,613,64,64,DMRG2,ordinary,setup,1,5.2769e-5,32352,0.0
after,chemistry_like,14,2289,613,64,64,DMRG2,ordinary,first,1,4.087807481,1442817792,0.065195317
after,chemistry_like,14,2289,613,64,64,DMRG2,ordinary,second,1,3.064633181,875610016,0.062743566
after,chemistry_like,14,2289,613,64,64,DMRG2,cached,setup,1,0.254954485,499669304,0.0
after,chemistry_like,14,2289,613,64,64,DMRG2,cached,first,1,3.900439765,1128143464,0.063288773
after,chemistry_like,14,2289,613,64,64,DMRG2,cached,second,1,4.16657101,1010558624,1.287795404
after,chemistry_like,14,2289,613,64,64,DMRG2,cached,setup,2,0.267358815,499669560,0.0
after,chemistry_like,14,2289,613,64,64,DMRG2,cached,first,2,3.894247853,1128142792,0.050907023
after,chemistry_like,14,2289,613,64,64,DMRG2,cached,second,2,4.155587868,1010525912,1.282893685
after,chemistry_like,14,2289,613,64,64,DMRG2,ordinary,setup,2,6.9503e-5,32352,0.0
after,chemistry_like,14,2289,613,64,64,DMRG2,ordinary,first,2,4.074945899,1442850464,0.030011974
after,chemistry_like,14,2289,613,64,64,DMRG2,ordinary,second,2,3.032003237,875613824,0.080738393
after,chemistry_like,14,2289,613,64,64,DMRG2,ordinary,setup,3,5.0307e-5,32352,0.0
after,chemistry_like,14,2289,613,64,64,DMRG2,ordinary,first,3,4.087941586,1442818976,0.08478943
after,chemistry_like,14,2289,613,64,64,DMRG2,ordinary,second,3,4.314783866,875609568,1.349097947
after,chemistry_like,14,2289,613,64,64,DMRG2,cached,setup,3,0.242250204,499669496,0.0
after,chemistry_like,14,2289,613,64,64,DMRG2,cached,first,3,3.863337321,1128141352,0.064394195
after,chemistry_like,14,2289,613,64,64,DMRG2,cached,second,3,4.147848214,1010535672,1.3100957
