mode,sample,phase,seconds,gc_seconds,allocated_bytes
"ordinary","1","setup","5.406e-5","0.0","32352"
"ordinary","1","first","4.289771974","0.112016216","1443601528"
"ordinary","1","second","4.345223168","1.266055612","876371680"
"both","1","setup","0.2722063","0.02387245","499696200"
"both","1","first","5.174374592","1.262171535","1128177920"
"both","1","second","3.058784289","0.047211735","1010653448"
"pairs","1","setup","0.234968378","0.0","469789712"
"pairs","1","first","3.941200478","0.082837205","1005992328"
"pairs","1","second","4.143285577","1.227048283","888818120"
"pairs","2","setup","0.236148337","0.0","469789264"
"pairs","2","first","3.953056861","0.072914225","1006030520"
"pairs","2","second","4.125169845","1.233420207","888797960"
"both","2","setup","0.245428499","0.0","499703048"
"both","2","first","4.148379548","0.203927609","1128229344"
"both","2","second","4.06411837","1.104563529","1010615928"
"ordinary","2","setup","5.4156e-5","0.0","32352"
"ordinary","2","first","4.226530631","0.059294659","1443646168"
"ordinary","2","second","3.341832237","0.230168183","876375680"
"both","3","setup","0.258165018","0.0","499696328"
"both","3","first","5.19932124","1.27385966","1128219904"
"both","3","second","3.273230348","0.207468049","1010665336"
"ordinary","3","setup","5.8838e-5","0.0","32352"
"ordinary","3","first","4.506063881","0.239982459","1443648832"
"ordinary","3","second","4.145537756","1.07206612","876379104"
"pairs","3","setup","0.247140184","0.0","469783408"
"pairs","3","first","3.958771641","0.058563882","1006068512"
"pairs","3","second","4.209197339","1.286205428","888788168"
