mps_bond,kind,sample,overlap,max_error_difference,updates,first_sweep_matvecs,second_sweep_matvecs
128,solve,1,1.0000000000000004,2.7755575615628914e-17,0,0,0
128,solve,2,1.0000000000000004,2.7755575615628914e-17,0,0,0
128,solve,3,1.0000000000000004,2.7755575615628914e-17,0,0,0
128,solve,4,1.0000000000000004,2.7755575615628914e-17,0,0,0
128,continuous,1,1.0000000000000013,7.572355428458002e-16,0,0,0
128,continuous,2,1.0000000000000013,7.572355428458002e-16,0,0,0
128,stages,1,1.0000000000000004,5.707240235963695e-16,33,683,440
256,solve,1,0.9999999999999988,1.8062808193608504e-15,0,0,0
256,solve,2,0.9999999999999988,1.8062808193608504e-15,0,0,0
256,solve,3,0.9999999999999988,1.8062808193608504e-15,0,0,0
256,solve,4,0.9999999999999988,1.8062808193608504e-15,0,0,0
256,continuous,1,1.0000000000000024,9.808319504628365e-13,0,0,0
256,continuous,2,1.0000000000000024,9.808319504628365e-13,0,0,0
256,stages,1,0.9999999999999996,5.074577624524467e-16,33,615,350
